model,provider,project,run,story_id,criterion,decision,evidence,rationale,related_story_ids,confidence
AQUSA,rule-based,PlanningPoker,1,PP-001,Well-formed,No Violation,,,[],Deterministic
AQUSA,rule-based,PlanningPoker,1,PP-001,Atomic,No Violation,,,[],Deterministic
AQUSA,rule-based,PlanningPoker,1,PP-001,Minimal,No Violation,,,[],Deterministic
AQUSA,rule-based,PlanningPoker,1,PP-001,Unique,No Violation,,,[],Deterministic
AQUSA,rule-based,PlanningPoker,1,PP-001,Uniform,No Violation,,,[],Deterministic
AQUSA,rule-based,PlanningPoker,1,PP-002,Well-formed,No Violation,,,[],Deterministic
AQUSA,rule-based,PlanningPoker,1,PP-002,Atomic,No Violation,,,[],Deterministic
AQUSA,rule-based,PlanningPoker,1,PP-002,Minimal,No Violation,,,[],Deterministic
AQUSA,rule-based,PlanningPoker,1,PP-002,Unique,No Violation,,,[],Deterministic
AQUSA,rule-based,PlanningPoker,1,PP-002,Uniform,No Violation,,,[],Deterministic
AQUSA,rule-based,PlanningPoker,1,PP-003,Well-formed,No Violation,,,[],Deterministic
AQUSA,rule-based,PlanningPoker,1,PP-003,Atomic,No Violation,,,[],Deterministic
AQUSA,rule-based,PlanningPoker,1,PP-003,Minimal,No Violation,,,[],Deterministic
AQUSA,rule-based,PlanningPoker,1,PP-003,Unique,No Violation,,,[],Deterministic
AQUSA,rule-based,PlanningPoker,1,PP-003,Uniform,No Violation,,,[],Deterministic
AQUSA,rule-based,PlanningPoker,1,PP-004,Well-formed,No Violation,,,[],Deterministic
AQUSA,rule-based,PlanningPoker,1,PP-004,Atomic,No Violation,,,[],Deterministic
AQUSA,rule-based,PlanningPoker,1,PP-004,Minimal,No Violation,,,[],Deterministic
AQUSA,rule-based,PlanningPoker,1,PP-004,Unique,No Violation,,,[],Deterministic
AQUSA,rule-based,PlanningPoker,1,PP-004,Uniform,No Violation,,,[],Deterministic
AQUSA,rule-based,PlanningPoker,1,PP-005,Well-formed,No Violation,,,[],Deterministic
AQUSA,rule-based,PlanningPoker,1,PP-005,Atomic,No Violation,,,[],Deterministic
AQUSA,rule-based,PlanningPoker,1,PP-005,Minimal,No Violation,,,[],Deterministic
AQUSA,rule-based,PlanningPoker,1,PP-005,Unique,No Violation,,,[],Deterministic
AQUSA,rule-based,PlanningPoker,1,PP-005,Uniform,No Violation,,,[],Deterministic
AQUSA,rule-based,PlanningPoker,1,PP-006,Well-formed,No Violation,,,[],Deterministic
AQUSA,rule-based,PlanningPoker,1,PP-006,Atomic,No Violation,,,[],Deterministic
AQUSA,rule-based,PlanningPoker,1,PP-006,Minimal,Violation,,"indicator_repetition: As a moderator, I want to add an item to the list of items to be estimated, [* so that *] [* so *] that we can be flexible and accommodate situations where we think of a new story while playing.",[],Deterministic
AQUSA,rule-based,PlanningPoker,1,PP-006,Unique,No Violation,,,[],Deterministic
AQUSA,rule-based,PlanningPoker,1,PP-006,Uniform,No Violation,,,[],Deterministic
AQUSA,rule-based,PlanningPoker,1,PP-007,Well-formed,No Violation,,,[],Deterministic
AQUSA,rule-based,PlanningPoker,1,PP-007,Atomic,No Violation,,,[],Deterministic
AQUSA,rule-based,PlanningPoker,1,PP-007,Minimal,No Violation,,,[],Deterministic
AQUSA,rule-based,PlanningPoker,1,PP-007,Unique,No Violation,,,[],Deterministic
AQUSA,rule-based,PlanningPoker,1,PP-007,Uniform,No Violation,,,[],Deterministic
AQUSA,rule-based,PlanningPoker,1,PP-008,Well-formed,No Violation,,,[],Deterministic
AQUSA,rule-based,PlanningPoker,1,PP-008,Atomic,No Violation,,,[],Deterministic
AQUSA,rule-based,PlanningPoker,1,PP-008,Minimal,No Violation,,,[],Deterministic
AQUSA,rule-based,PlanningPoker,1,PP-008,Unique,No Violation,,,[],Deterministic
AQUSA,rule-based,PlanningPoker,1,PP-008,Uniform,No Violation,,,[],Deterministic
AQUSA,rule-based,PlanningPoker,1,PP-009,Well-formed,No Violation,,,[],Deterministic
AQUSA,rule-based,PlanningPoker,1,PP-009,Atomic,No Violation,,,[],Deterministic
AQUSA,rule-based,PlanningPoker,1,PP-009,Minimal,No Violation,,,[],Deterministic
AQUSA,rule-based,PlanningPoker,1,PP-009,Unique,No Violation,,,[],Deterministic
AQUSA,rule-based,PlanningPoker,1,PP-009,Uniform,No Violation,,,[],Deterministic
AQUSA,rule-based,PlanningPoker,1,PP-010,Well-formed,No Violation,,,[],Deterministic
AQUSA,rule-based,PlanningPoker,1,PP-010,Atomic,No Violation,,,[],Deterministic
AQUSA,rule-based,PlanningPoker,1,PP-010,Minimal,No Violation,,,[],Deterministic
AQUSA,rule-based,PlanningPoker,1,PP-010,Unique,No Violation,,,[],Deterministic
AQUSA,rule-based,PlanningPoker,1,PP-010,Uniform,No Violation,,,[],Deterministic
AQUSA,rule-based,PlanningPoker,1,PP-011,Well-formed,No Violation,,,[],Deterministic
AQUSA,rule-based,PlanningPoker,1,PP-011,Atomic,No Violation,,,[],Deterministic
AQUSA,rule-based,PlanningPoker,1,PP-011,Minimal,No Violation,,,[],Deterministic
AQUSA,rule-based,PlanningPoker,1,PP-011,Unique,No Violation,,,[],Deterministic
AQUSA,rule-based,PlanningPoker,1,PP-011,Uniform,No Violation,,,[],Deterministic
AQUSA,rule-based,PlanningPoker,1,PP-012,Well-formed,No Violation,,,[],Deterministic
AQUSA,rule-based,PlanningPoker,1,PP-012,Atomic,No Violation,,,[],Deterministic
AQUSA,rule-based,PlanningPoker,1,PP-012,Minimal,No Violation,,,[],Deterministic
AQUSA,rule-based,PlanningPoker,1,PP-012,Unique,No Violation,,,[],Deterministic
AQUSA,rule-based,PlanningPoker,1,PP-012,Uniform,No Violation,,,[],Deterministic
AQUSA,rule-based,PlanningPoker,1,PP-013,Well-formed,No Violation,,,[],Deterministic
AQUSA,rule-based,PlanningPoker,1,PP-013,Atomic,No Violation,,,[],Deterministic
AQUSA,rule-based,PlanningPoker,1,PP-013,Minimal,No Violation,,,[],Deterministic
AQUSA,rule-based,PlanningPoker,1,PP-013,Unique,No Violation,,,[],Deterministic
AQUSA,rule-based,PlanningPoker,1,PP-013,Uniform,No Violation,,,[],Deterministic
AQUSA,rule-based,PlanningPoker,1,PP-014,Well-formed,No Violation,,,[],Deterministic
AQUSA,rule-based,PlanningPoker,1,PP-014,Atomic,No Violation,,,[],Deterministic
AQUSA,rule-based,PlanningPoker,1,PP-014,Minimal,No Violation,,,[],Deterministic
AQUSA,rule-based,PlanningPoker,1,PP-014,Unique,No Violation,,,[],Deterministic
AQUSA,rule-based,PlanningPoker,1,PP-014,Uniform,No Violation,,,[],Deterministic
AQUSA,rule-based,PlanningPoker,1,PP-015,Well-formed,No Violation,,,[],Deterministic
AQUSA,rule-based,PlanningPoker,1,PP-015,Atomic,No Violation,,,[],Deterministic
AQUSA,rule-based,PlanningPoker,1,PP-015,Minimal,No Violation,,,[],Deterministic
AQUSA,rule-based,PlanningPoker,1,PP-015,Unique,No Violation,,,[],Deterministic
AQUSA,rule-based,PlanningPoker,1,PP-015,Uniform,No Violation,,,[],Deterministic
AQUSA,rule-based,PlanningPoker,1,PP-016,Well-formed,No Violation,,,[],Deterministic
AQUSA,rule-based,PlanningPoker,1,PP-016,Atomic,No Violation,,,[],Deterministic
AQUSA,rule-based,PlanningPoker,1,PP-016,Minimal,No Violation,,,[],Deterministic
AQUSA,rule-based,PlanningPoker,1,PP-016,Unique,No Violation,,,[],Deterministic
AQUSA,rule-based,PlanningPoker,1,PP-016,Uniform,No Violation,,,[],Deterministic
AQUSA,rule-based,PlanningPoker,1,PP-017,Well-formed,No Violation,,,[],Deterministic
AQUSA,rule-based,PlanningPoker,1,PP-017,Atomic,No Violation,,,[],Deterministic
AQUSA,rule-based,PlanningPoker,1,PP-017,Minimal,No Violation,,,[],Deterministic
AQUSA,rule-based,PlanningPoker,1,PP-017,Unique,No Violation,,,[],Deterministic
AQUSA,rule-based,PlanningPoker,1,PP-017,Uniform,No Violation,,,[],Deterministic
AQUSA,rule-based,PlanningPoker,1,PP-018,Well-formed,No Violation,,,[],Deterministic
AQUSA,rule-based,PlanningPoker,1,PP-018,Atomic,No Violation,,,[],Deterministic
AQUSA,rule-based,PlanningPoker,1,PP-018,Minimal,No Violation,,,[],Deterministic
AQUSA,rule-based,PlanningPoker,1,PP-018,Unique,No Violation,,,[],Deterministic
AQUSA,rule-based,PlanningPoker,1,PP-018,Uniform,No Violation,,,[],Deterministic
AQUSA,rule-based,PlanningPoker,1,PP-019,Well-formed,No Violation,,,[],Deterministic
AQUSA,rule-based,PlanningPoker,1,PP-019,Atomic,No Violation,,,[],Deterministic
AQUSA,rule-based,PlanningPoker,1,PP-019,Minimal,No Violation,,,[],Deterministic
AQUSA,rule-based,PlanningPoker,1,PP-019,Unique,No Violation,,,[],Deterministic
AQUSA,rule-based,PlanningPoker,1,PP-019,Uniform,No Violation,,,[],Deterministic
AQUSA,rule-based,PlanningPoker,1,PP-020,Well-formed,No Violation,,,[],Deterministic
AQUSA,rule-based,PlanningPoker,1,PP-020,Atomic,No Violation,,,[],Deterministic
AQUSA,rule-based,PlanningPoker,1,PP-020,Minimal,No Violation,,,[],Deterministic
AQUSA,rule-based,PlanningPoker,1,PP-020,Unique,No Violation,,,[],Deterministic
AQUSA,rule-based,PlanningPoker,1,PP-020,Uniform,No Violation,,,[],Deterministic
AQUSA,rule-based,PlanningPoker,1,PP-021,Well-formed,No Violation,,,[],Deterministic
AQUSA,rule-based,PlanningPoker,1,PP-021,Atomic,No Violation,,,[],Deterministic
AQUSA,rule-based,PlanningPoker,1,PP-021,Minimal,No Violation,,,[],Deterministic
AQUSA,rule-based,PlanningPoker,1,PP-021,Unique,No Violation,,,[],Deterministic
AQUSA,rule-based,PlanningPoker,1,PP-021,Uniform,No Violation,,,[],Deterministic
AQUSA,rule-based,PlanningPoker,1,PP-022,Well-formed,No Violation,,,[],Deterministic
AQUSA,rule-based,PlanningPoker,1,PP-022,Atomic,No Violation,,,[],Deterministic
AQUSA,rule-based,PlanningPoker,1,PP-022,Minimal,No Violation,,,[],Deterministic
AQUSA,rule-based,PlanningPoker,1,PP-022,Unique,No Violation,,,[],Deterministic
AQUSA,rule-based,PlanningPoker,1,PP-022,Uniform,No Violation,,,[],Deterministic
AQUSA,rule-based,PlanningPoker,1,PP-023,Well-formed,No Violation,,,[],Deterministic
AQUSA,rule-based,PlanningPoker,1,PP-023,Atomic,No Violation,,,[],Deterministic
AQUSA,rule-based,PlanningPoker,1,PP-023,Minimal,No Violation,,,[],Deterministic
AQUSA,rule-based,PlanningPoker,1,PP-023,Unique,No Violation,,,[],Deterministic
AQUSA,rule-based,PlanningPoker,1,PP-023,Uniform,No Violation,,,[],Deterministic
AQUSA,rule-based,PlanningPoker,1,PP-024,Well-formed,No Violation,,,[],Deterministic
AQUSA,rule-based,PlanningPoker,1,PP-024,Atomic,No Violation,,,[],Deterministic
AQUSA,rule-based,PlanningPoker,1,PP-024,Minimal,No Violation,,,[],Deterministic
AQUSA,rule-based,PlanningPoker,1,PP-024,Unique,No Violation,,,[],Deterministic
AQUSA,rule-based,PlanningPoker,1,PP-024,Uniform,No Violation,,,[],Deterministic
AQUSA,rule-based,PlanningPoker,1,PP-025,Well-formed,No Violation,,,[],Deterministic
AQUSA,rule-based,PlanningPoker,1,PP-025,Atomic,No Violation,,,[],Deterministic
AQUSA,rule-based,PlanningPoker,1,PP-025,Minimal,No Violation,,,[],Deterministic
AQUSA,rule-based,PlanningPoker,1,PP-025,Unique,No Violation,,,[],Deterministic
AQUSA,rule-based,PlanningPoker,1,PP-025,Uniform,No Violation,,,[],Deterministic
AQUSA,rule-based,PlanningPoker,1,PP-026,Well-formed,No Violation,,,[],Deterministic
AQUSA,rule-based,PlanningPoker,1,PP-026,Atomic,No Violation,,,[],Deterministic
AQUSA,rule-based,PlanningPoker,1,PP-026,Minimal,No Violation,,,[],Deterministic
AQUSA,rule-based,PlanningPoker,1,PP-026,Unique,No Violation,,,[],Deterministic
AQUSA,rule-based,PlanningPoker,1,PP-026,Uniform,No Violation,,,[],Deterministic
AQUSA,rule-based,PlanningPoker,1,PP-027,Well-formed,No Violation,,,[],Deterministic
AQUSA,rule-based,PlanningPoker,1,PP-027,Atomic,Violation,,"conjunctions: As a moderator, I want to select whether to have the team estimate with {0, 1 [*/*] 2, 1, 2, 3, 5, 8, etc.} [* or *] {0, 1, 2, 4, 8, 16, 32, etc.}, so that the team can use either the modified Fibonacci sequence or powers of 2.",[],Deterministic
AQUSA,rule-based,PlanningPoker,1,PP-027,Minimal,Violation,,"brackets: As a moderator, I want to select whether to have the team estimate with  [*{0, 1/2, 1, 2, 3, 5, 8, etc.}*]  or  [*{0, 1, 2, 4, 8, 16, 32, etc.}*] , so that the team can use either the modified Fibonacci sequence or powers of 2.",[],Deterministic
AQUSA,rule-based,PlanningPoker,1,PP-027,Unique,No Violation,,,[],Deterministic
AQUSA,rule-based,PlanningPoker,1,PP-027,Uniform,No Violation,,,[],Deterministic
AQUSA,rule-based,PlanningPoker,1,PP-028,Well-formed,No Violation,,,[],Deterministic
AQUSA,rule-based,PlanningPoker,1,PP-028,Atomic,No Violation,,,[],Deterministic
AQUSA,rule-based,PlanningPoker,1,PP-028,Minimal,No Violation,,,[],Deterministic
AQUSA,rule-based,PlanningPoker,1,PP-028,Unique,No Violation,,,[],Deterministic
AQUSA,rule-based,PlanningPoker,1,PP-028,Uniform,No Violation,,,[],Deterministic
AQUSA,rule-based,PlanningPoker,1,PP-029,Well-formed,No Violation,,,[],Deterministic
AQUSA,rule-based,PlanningPoker,1,PP-029,Atomic,No Violation,,,[],Deterministic
AQUSA,rule-based,PlanningPoker,1,PP-029,Minimal,No Violation,,,[],Deterministic
AQUSA,rule-based,PlanningPoker,1,PP-029,Unique,No Violation,,,[],Deterministic
AQUSA,rule-based,PlanningPoker,1,PP-029,Uniform,No Violation,,,[],Deterministic
AQUSA,rule-based,PlanningPoker,1,PP-030,Well-formed,No Violation,,,[],Deterministic
AQUSA,rule-based,PlanningPoker,1,PP-030,Atomic,No Violation,,,[],Deterministic
AQUSA,rule-based,PlanningPoker,1,PP-030,Minimal,No Violation,,,[],Deterministic
AQUSA,rule-based,PlanningPoker,1,PP-030,Unique,No Violation,,,[],Deterministic
AQUSA,rule-based,PlanningPoker,1,PP-030,Uniform,No Violation,,,[],Deterministic
AQUSA,rule-based,PlanningPoker,1,PP-031,Well-formed,No Violation,,,[],Deterministic
AQUSA,rule-based,PlanningPoker,1,PP-031,Atomic,No Violation,,,[],Deterministic
AQUSA,rule-based,PlanningPoker,1,PP-031,Minimal,No Violation,,,[],Deterministic
AQUSA,rule-based,PlanningPoker,1,PP-031,Unique,No Violation,,,[],Deterministic
AQUSA,rule-based,PlanningPoker,1,PP-031,Uniform,No Violation,,,[],Deterministic
AQUSA,rule-based,PlanningPoker,1,PP-032,Well-formed,No Violation,,,[],Deterministic
AQUSA,rule-based,PlanningPoker,1,PP-032,Atomic,No Violation,,,[],Deterministic
AQUSA,rule-based,PlanningPoker,1,PP-032,Minimal,No Violation,,,[],Deterministic
AQUSA,rule-based,PlanningPoker,1,PP-032,Unique,No Violation,,,[],Deterministic
AQUSA,rule-based,PlanningPoker,1,PP-032,Uniform,No Violation,,,[],Deterministic
AQUSA,rule-based,PlanningPoker,1,PP-033,Well-formed,No Violation,,,[],Deterministic
AQUSA,rule-based,PlanningPoker,1,PP-033,Atomic,No Violation,,,[],Deterministic
AQUSA,rule-based,PlanningPoker,1,PP-033,Minimal,No Violation,,,[],Deterministic
AQUSA,rule-based,PlanningPoker,1,PP-033,Unique,No Violation,,,[],Deterministic
AQUSA,rule-based,PlanningPoker,1,PP-033,Uniform,No Violation,,,[],Deterministic
AQUSA,rule-based,PlanningPoker,1,PP-034,Well-formed,No Violation,,,[],Deterministic
AQUSA,rule-based,PlanningPoker,1,PP-034,Atomic,Violation,,"conjunctions: As a participant, I want to be able to change my estimate up until the last person selects a card [* and *] all are shown, so that I can change my mind based on information I hear.",[],Deterministic
AQUSA,rule-based,PlanningPoker,1,PP-034,Minimal,No Violation,,,[],Deterministic
AQUSA,rule-based,PlanningPoker,1,PP-034,Unique,No Violation,,,[],Deterministic
AQUSA,rule-based,PlanningPoker,1,PP-034,Uniform,No Violation,,,[],Deterministic
AQUSA,rule-based,PlanningPoker,1,PP-035,Well-formed,No Violation,,,[],Deterministic
AQUSA,rule-based,PlanningPoker,1,PP-035,Atomic,No Violation,,,[],Deterministic
AQUSA,rule-based,PlanningPoker,1,PP-035,Minimal,Violation,,"indicator_repetition: As a participant, [* I want to *] be able to see each estimator's prior estimates for the story being estimated, so that I can see how his or her opinion has changed so [* I can *] ask questions. | indicator_repetition: As a participant, I want to be able to see each estimator's prior estimates for the story being estimated, [* so that *] I can see how his or her opinion has changed [* so *] I can ask questions.",[],Deterministic
AQUSA,rule-based,PlanningPoker,1,PP-035,Unique,No Violation,,,[],Deterministic
AQUSA,rule-based,PlanningPoker,1,PP-035,Uniform,No Violation,,,[],Deterministic
AQUSA,rule-based,PlanningPoker,1,PP-036,Well-formed,No Violation,,,[],Deterministic
AQUSA,rule-based,PlanningPoker,1,PP-036,Atomic,No Violation,,,[],Deterministic
AQUSA,rule-based,PlanningPoker,1,PP-036,Minimal,No Violation,,,[],Deterministic
AQUSA,rule-based,PlanningPoker,1,PP-036,Unique,No Violation,,,[],Deterministic
AQUSA,rule-based,PlanningPoker,1,PP-036,Uniform,No Violation,,,[],Deterministic
AQUSA,rule-based,PlanningPoker,1,PP-037,Well-formed,No Violation,,,[],Deterministic
AQUSA,rule-based,PlanningPoker,1,PP-037,Atomic,No Violation,,,[],Deterministic
AQUSA,rule-based,PlanningPoker,1,PP-037,Minimal,No Violation,,,[],Deterministic
AQUSA,rule-based,PlanningPoker,1,PP-037,Unique,No Violation,,,[],Deterministic
AQUSA,rule-based,PlanningPoker,1,PP-037,Uniform,No Violation,,,[],Deterministic
AQUSA,rule-based,PlanningPoker,1,PP-038,Well-formed,No Violation,,,[],Deterministic
AQUSA,rule-based,PlanningPoker,1,PP-038,Atomic,No Violation,,,[],Deterministic
AQUSA,rule-based,PlanningPoker,1,PP-038,Minimal,No Violation,,,[],Deterministic
AQUSA,rule-based,PlanningPoker,1,PP-038,Unique,No Violation,,,[],Deterministic
AQUSA,rule-based,PlanningPoker,1,PP-038,Uniform,No Violation,,,[],Deterministic
AQUSA,rule-based,PlanningPoker,1,PP-039,Well-formed,No Violation,,,[],Deterministic
AQUSA,rule-based,PlanningPoker,1,PP-039,Atomic,No Violation,,,[],Deterministic
AQUSA,rule-based,PlanningPoker,1,PP-039,Minimal,No Violation,,,[],Deterministic
AQUSA,rule-based,PlanningPoker,1,PP-039,Unique,No Violation,,,[],Deterministic
AQUSA,rule-based,PlanningPoker,1,PP-039,Uniform,No Violation,,,[],Deterministic
AQUSA,rule-based,PlanningPoker,1,PP-040,Well-formed,No Violation,,,[],Deterministic
AQUSA,rule-based,PlanningPoker,1,PP-040,Atomic,No Violation,,,[],Deterministic
AQUSA,rule-based,PlanningPoker,1,PP-040,Minimal,No Violation,,,[],Deterministic
AQUSA,rule-based,PlanningPoker,1,PP-040,Unique,No Violation,,,[],Deterministic
AQUSA,rule-based,PlanningPoker,1,PP-040,Uniform,No Violation,,,[],Deterministic
AQUSA,rule-based,PlanningPoker,1,PP-041,Well-formed,No Violation,,,[],Deterministic
AQUSA,rule-based,PlanningPoker,1,PP-041,Atomic,No Violation,,,[],Deterministic
AQUSA,rule-based,PlanningPoker,1,PP-041,Minimal,No Violation,,,[],Deterministic
AQUSA,rule-based,PlanningPoker,1,PP-041,Unique,No Violation,,,[],Deterministic
AQUSA,rule-based,PlanningPoker,1,PP-041,Uniform,No Violation,,,[],Deterministic
AQUSA,rule-based,PlanningPoker,1,PP-042,Well-formed,No Violation,,,[],Deterministic
AQUSA,rule-based,PlanningPoker,1,PP-042,Atomic,No Violation,,,[],Deterministic
AQUSA,rule-based,PlanningPoker,1,PP-042,Minimal,No Violation,,,[],Deterministic
AQUSA,rule-based,PlanningPoker,1,PP-042,Unique,No Violation,,,[],Deterministic
AQUSA,rule-based,PlanningPoker,1,PP-042,Uniform,No Violation,,,[],Deterministic
AQUSA,rule-based,PlanningPoker,1,PP-043,Well-formed,No Violation,,,[],Deterministic
AQUSA,rule-based,PlanningPoker,1,PP-043,Atomic,No Violation,,,[],Deterministic
AQUSA,rule-based,PlanningPoker,1,PP-043,Minimal,No Violation,,,[],Deterministic
AQUSA,rule-based,PlanningPoker,1,PP-043,Unique,No Violation,,,[],Deterministic
AQUSA,rule-based,PlanningPoker,1,PP-043,Uniform,No Violation,,,[],Deterministic
AQUSA,rule-based,PlanningPoker,1,PP-044,Well-formed,No Violation,,,[],Deterministic
AQUSA,rule-based,PlanningPoker,1,PP-044,Atomic,No Violation,,,[],Deterministic
AQUSA,rule-based,PlanningPoker,1,PP-044,Minimal,No Violation,,,[],Deterministic
AQUSA,rule-based,PlanningPoker,1,PP-044,Unique,No Violation,,,[],Deterministic
AQUSA,rule-based,PlanningPoker,1,PP-044,Uniform,No Violation,,,[],Deterministic
AQUSA,rule-based,PlanningPoker,1,PP-045,Well-formed,No Violation,,,[],Deterministic
AQUSA,rule-based,PlanningPoker,1,PP-045,Atomic,No Violation,,,[],Deterministic
AQUSA,rule-based,PlanningPoker,1,PP-045,Minimal,No Violation,,,[],Deterministic
AQUSA,rule-based,PlanningPoker,1,PP-045,Unique,No Violation,,,[],Deterministic
AQUSA,rule-based,PlanningPoker,1,PP-045,Uniform,No Violation,,,[],Deterministic
AQUSA,rule-based,PlanningPoker,1,PP-046,Well-formed,No Violation,,,[],Deterministic
AQUSA,rule-based,PlanningPoker,1,PP-046,Atomic,No Violation,,,[],Deterministic
AQUSA,rule-based,PlanningPoker,1,PP-046,Minimal,No Violation,,,[],Deterministic
AQUSA,rule-based,PlanningPoker,1,PP-046,Unique,No Violation,,,[],Deterministic
AQUSA,rule-based,PlanningPoker,1,PP-046,Uniform,No Violation,,,[],Deterministic
AQUSA,rule-based,PlanningPoker,1,PP-047,Well-formed,No Violation,,,[],Deterministic
AQUSA,rule-based,PlanningPoker,1,PP-047,Atomic,No Violation,,,[],Deterministic
AQUSA,rule-based,PlanningPoker,1,PP-047,Minimal,No Violation,,,[],Deterministic
AQUSA,rule-based,PlanningPoker,1,PP-047,Unique,No Violation,,,[],Deterministic
AQUSA,rule-based,PlanningPoker,1,PP-047,Uniform,No Violation,,,[],Deterministic
AQUSA,rule-based,PlanningPoker,1,PP-048,Well-formed,No Violation,,,[],Deterministic
AQUSA,rule-based,PlanningPoker,1,PP-048,Atomic,No Violation,,,[],Deterministic
AQUSA,rule-based,PlanningPoker,1,PP-048,Minimal,No Violation,,,[],Deterministic
AQUSA,rule-based,PlanningPoker,1,PP-048,Unique,No Violation,,,[],Deterministic
AQUSA,rule-based,PlanningPoker,1,PP-048,Uniform,No Violation,,,[],Deterministic
AQUSA,rule-based,PlanningPoker,1,PP-049,Well-formed,No Violation,,,[],Deterministic
AQUSA,rule-based,PlanningPoker,1,PP-049,Atomic,No Violation,,,[],Deterministic
AQUSA,rule-based,PlanningPoker,1,PP-049,Minimal,No Violation,,,[],Deterministic
AQUSA,rule-based,PlanningPoker,1,PP-049,Unique,No Violation,,,[],Deterministic
AQUSA,rule-based,PlanningPoker,1,PP-049,Uniform,No Violation,,,[],Deterministic
AQUSA,rule-based,PlanningPoker,1,PP-050,Well-formed,No Violation,,,[],Deterministic
AQUSA,rule-based,PlanningPoker,1,PP-050,Atomic,No Violation,,,[],Deterministic
AQUSA,rule-based,PlanningPoker,1,PP-050,Minimal,No Violation,,,[],Deterministic
AQUSA,rule-based,PlanningPoker,1,PP-050,Unique,No Violation,,,[],Deterministic
AQUSA,rule-based,PlanningPoker,1,PP-050,Uniform,No Violation,,,[],Deterministic
AQUSA,rule-based,PlanningPoker,1,PP-051,Well-formed,No Violation,,,[],Deterministic
AQUSA,rule-based,PlanningPoker,1,PP-051,Atomic,No Violation,,,[],Deterministic
AQUSA,rule-based,PlanningPoker,1,PP-051,Minimal,No Violation,,,[],Deterministic
AQUSA,rule-based,PlanningPoker,1,PP-051,Unique,No Violation,,,[],Deterministic
AQUSA,rule-based,PlanningPoker,1,PP-051,Uniform,No Violation,,,[],Deterministic
AQUSA,rule-based,PlanningPoker,1,PP-052,Well-formed,No Violation,,,[],Deterministic
AQUSA,rule-based,PlanningPoker,1,PP-052,Atomic,No Violation,,,[],Deterministic
AQUSA,rule-based,PlanningPoker,1,PP-052,Minimal,No Violation,,,[],Deterministic
AQUSA,rule-based,PlanningPoker,1,PP-052,Unique,No Violation,,,[],Deterministic
AQUSA,rule-based,PlanningPoker,1,PP-052,Uniform,Violation,,"uniform: Use the most common template: As a, I want to, So that",[],Deterministic
AQUSA,rule-based,PlanningPoker,1,PP-053,Well-formed,No Violation,,,[],Deterministic
AQUSA,rule-based,PlanningPoker,1,PP-053,Atomic,No Violation,,,[],Deterministic
AQUSA,rule-based,PlanningPoker,1,PP-053,Minimal,No Violation,,,[],Deterministic
AQUSA,rule-based,PlanningPoker,1,PP-053,Unique,No Violation,,,[],Deterministic
AQUSA,rule-based,PlanningPoker,1,PP-053,Uniform,No Violation,,,[],Deterministic
AQUSA,rule-based,BADCamp,1,BC-001,Well-formed,No Violation,,,[],Deterministic
AQUSA,rule-based,BADCamp,1,BC-001,Atomic,No Violation,,,[],Deterministic
AQUSA,rule-based,BADCamp,1,BC-001,Minimal,No Violation,,,[],Deterministic
AQUSA,rule-based,BADCamp,1,BC-001,Unique,No Violation,,,[],Deterministic
AQUSA,rule-based,BADCamp,1,BC-001,Uniform,No Violation,,,[],Deterministic
AQUSA,rule-based,BADCamp,1,BC-002,Well-formed,No Violation,,,[],Deterministic
AQUSA,rule-based,BADCamp,1,BC-002,Atomic,No Violation,,,[],Deterministic
AQUSA,rule-based,BADCamp,1,BC-002,Minimal,No Violation,,,[],Deterministic
AQUSA,rule-based,BADCamp,1,BC-002,Unique,No Violation,,,[],Deterministic
AQUSA,rule-based,BADCamp,1,BC-002,Uniform,No Violation,,,[],Deterministic
AQUSA,rule-based,BADCamp,1,BC-003,Well-formed,No Violation,,,[],Deterministic
AQUSA,rule-based,BADCamp,1,BC-003,Atomic,No Violation,,,[],Deterministic
AQUSA,rule-based,BADCamp,1,BC-003,Minimal,No Violation,,,[],Deterministic
AQUSA,rule-based,BADCamp,1,BC-003,Unique,No Violation,,,[],Deterministic
AQUSA,rule-based,BADCamp,1,BC-003,Uniform,No Violation,,,[],Deterministic
AQUSA,rule-based,BADCamp,1,BC-004,Well-formed,No Violation,,,[],Deterministic
AQUSA,rule-based,BADCamp,1,BC-004,Atomic,Violation,,"conjunctions: As a attendee, I want to have a very clear map where the buildings [* and *] rooms are, so that I can make it to class on time.",[],Deterministic
AQUSA,rule-based,BADCamp,1,BC-004,Minimal,No Violation,,,[],Deterministic
AQUSA,rule-based,BADCamp,1,BC-004,Unique,No Violation,,,[],Deterministic
AQUSA,rule-based,BADCamp,1,BC-004,Uniform,No Violation,,,[],Deterministic
AQUSA,rule-based,BADCamp,1,BC-005,Well-formed,No Violation,,,[],Deterministic
AQUSA,rule-based,BADCamp,1,BC-005,Atomic,No Violation,,,[],Deterministic
AQUSA,rule-based,BADCamp,1,BC-005,Minimal,No Violation,,,[],Deterministic
AQUSA,rule-based,BADCamp,1,BC-005,Unique,No Violation,,,[],Deterministic
AQUSA,rule-based,BADCamp,1,BC-005,Uniform,No Violation,,,[],Deterministic
AQUSA,rule-based,BADCamp,1,BC-006,Well-formed,No Violation,,,[],Deterministic
AQUSA,rule-based,BADCamp,1,BC-006,Atomic,No Violation,,,[],Deterministic
AQUSA,rule-based,BADCamp,1,BC-006,Minimal,No Violation,,,[],Deterministic
AQUSA,rule-based,BADCamp,1,BC-006,Unique,No Violation,,,[],Deterministic
AQUSA,rule-based,BADCamp,1,BC-006,Uniform,No Violation,,,[],Deterministic
AQUSA,rule-based,BADCamp,1,BC-007,Well-formed,No Violation,,,[],Deterministic
AQUSA,rule-based,BADCamp,1,BC-007,Atomic,No Violation,,,[],Deterministic
AQUSA,rule-based,BADCamp,1,BC-007,Minimal,Violation,,"indicator_repetition: As a trainingcoordinator, I want to have an admin view that helps track registration status for each attendee [* so *] that, [* so that *] we can see if attendend, refunded, no show.",[],Deterministic
AQUSA,rule-based,BADCamp,1,BC-007,Unique,No Violation,,,[],Deterministic
AQUSA,rule-based,BADCamp,1,BC-007,Uniform,No Violation,,,[],Deterministic
AQUSA,rule-based,BADCamp,1,BC-008,Well-formed,No Violation,,,[],Deterministic
AQUSA,rule-based,BADCamp,1,BC-008,Atomic,No Violation,,,[],Deterministic
AQUSA,rule-based,BADCamp,1,BC-008,Minimal,Violation,,"indicator_repetition: As a attendee, I want to be added to a training waitlist, [* so that *] [* so *] they can be considered for a class.",[],Deterministic
AQUSA,rule-based,BADCamp,1,BC-008,Unique,No Violation,,,[],Deterministic
AQUSA,rule-based,BADCamp,1,BC-008,Uniform,No Violation,,,[],Deterministic
AQUSA,rule-based,BADCamp,1,BC-009,Well-formed,No Violation,,,[],Deterministic
AQUSA,rule-based,BADCamp,1,BC-009,Atomic,No Violation,,,[],Deterministic
AQUSA,rule-based,BADCamp,1,BC-009,Minimal,No Violation,,,[],Deterministic
AQUSA,rule-based,BADCamp,1,BC-009,Unique,No Violation,,,[],Deterministic
AQUSA,rule-based,BADCamp,1,BC-009,Uniform,No Violation,,,[],Deterministic
AQUSA,rule-based,BADCamp,1,BC-010,Well-formed,No Violation,,,[],Deterministic
AQUSA,rule-based,BADCamp,1,BC-010,Atomic,No Violation,,,[],Deterministic
AQUSA,rule-based,BADCamp,1,BC-010,Minimal,Violation,,"indicator_repetition: As a trainingcoordinator, I want to tie in a cancellation deadline to whatever registration / cancellation workflow exists, [* so that *] [* so *] we don't loose money or spots.",[],Deterministic
AQUSA,rule-based,BADCamp,1,BC-010,Unique,No Violation,,,[],Deterministic
AQUSA,rule-based,BADCamp,1,BC-010,Uniform,No Violation,,,[],Deterministic
AQUSA,rule-based,BADCamp,1,BC-011,Well-formed,No Violation,,,[],Deterministic
AQUSA,rule-based,BADCamp,1,BC-011,Atomic,No Violation,,,[],Deterministic
AQUSA,rule-based,BADCamp,1,BC-011,Minimal,No Violation,,,[],Deterministic
AQUSA,rule-based,BADCamp,1,BC-011,Unique,No Violation,,,[],Deterministic
AQUSA,rule-based,BADCamp,1,BC-011,Uniform,No Violation,,,[],Deterministic
AQUSA,rule-based,BADCamp,1,BC-012,Well-formed,No Violation,,,[],Deterministic
AQUSA,rule-based,BADCamp,1,BC-012,Atomic,No Violation,,,[],Deterministic
AQUSA,rule-based,BADCamp,1,BC-012,Minimal,No Violation,,,[],Deterministic
AQUSA,rule-based,BADCamp,1,BC-012,Unique,No Violation,,,[],Deterministic
AQUSA,rule-based,BADCamp,1,BC-012,Uniform,No Violation,,,[],Deterministic
AQUSA,rule-based,BADCamp,1,BC-013,Well-formed,No Violation,,,[],Deterministic
AQUSA,rule-based,BADCamp,1,BC-013,Atomic,Violation,,"conjunctions: As a trainer, I want to have a view that is attached to their training node that shows all attendee information Trainers can see all class attendance at first because there are so little trainers [* and *] they are trusted with privacy, so that the training coordinator doesn't have to do all the work to get login info for environment setup.",[],Deterministic
AQUSA,rule-based,BADCamp,1,BC-013,Minimal,Violation,,"indicator_repetition: As a trainer, I want to have a view that is attached to their training node that shows all attendee information Trainers can see all class attendance at first because there are [* so *] little trainers and they are trusted with privacy, [* so that *] the training coordinator doesn't have to do all the work to get login info for environment setup.",[],Deterministic
AQUSA,rule-based,BADCamp,1,BC-013,Unique,No Violation,,,[],Deterministic
AQUSA,rule-based,BADCamp,1,BC-013,Uniform,No Violation,,,[],Deterministic
AQUSA,rule-based,BADCamp,1,BC-014,Well-formed,No Violation,,,[],Deterministic
AQUSA,rule-based,BADCamp,1,BC-014,Atomic,Violation,,"conjunctions: As a trainingcoordinator, I want to have an admin view where all trainee information is shown [* and *] can be filtered to show a single training session, so that I can see WTF is happening.",[],Deterministic
AQUSA,rule-based,BADCamp,1,BC-014,Minimal,No Violation,,,[],Deterministic
AQUSA,rule-based,BADCamp,1,BC-014,Unique,No Violation,,,[],Deterministic
AQUSA,rule-based,BADCamp,1,BC-014,Uniform,No Violation,,,[],Deterministic
AQUSA,rule-based,BADCamp,1,BC-015,Well-formed,No Violation,,,[],Deterministic
AQUSA,rule-based,BADCamp,1,BC-015,Atomic,No Violation,,,[],Deterministic
AQUSA,rule-based,BADCamp,1,BC-015,Minimal,Violation,,"punctuation: As a anonymoususer, I want to have a dedicated page for each class to learn more about the offering The following information must be shown [*: Logo, title, trainers, location, possibly a map view, datetime, skill level, registrations remaining, link to register for class. The URL path should be SEO friendly /training/training-title, so that I can choose the right class, AND the trainer can tweet and promote their class.*]",[],Deterministic
AQUSA,rule-based,BADCamp,1,BC-015,Unique,No Violation,,,[],Deterministic
AQUSA,rule-based,BADCamp,1,BC-015,Uniform,No Violation,,,[],Deterministic
AQUSA,rule-based,BADCamp,1,BC-016,Well-formed,No Violation,,,[],Deterministic
AQUSA,rule-based,BADCamp,1,BC-016,Atomic,Violation,,"conjunctions: As a anonymoususer, I want to have the training options clearly marked for the following information: day [* and *] time of training, title, short summary, trainers, level, number of registrations, remaining registrations, location of training, link to full details of the training, register now link, so that I can shop for training all with one page AND find their class on on one page.",[],Deterministic
AQUSA,rule-based,BADCamp,1,BC-016,Minimal,Violation,,"punctuation: As a anonymoususer, I want to have the training options clearly marked for the following information [*: day and time of training, title, short summary, trainers, level, number of registrations, remaining registrations, location of training, link to full details of the training, register now link, so that I can shop for training all with one page AND find their class on on one page.*]",[],Deterministic
AQUSA,rule-based,BADCamp,1,BC-016,Unique,No Violation,,,[],Deterministic
AQUSA,rule-based,BADCamp,1,BC-016,Uniform,No Violation,,,[],Deterministic
AQUSA,rule-based,BADCamp,1,BC-017,Well-formed,No Violation,,,[],Deterministic
AQUSA,rule-based,BADCamp,1,BC-017,Atomic,No Violation,,,[],Deterministic
AQUSA,rule-based,BADCamp,1,BC-017,Minimal,No Violation,,,[],Deterministic
AQUSA,rule-based,BADCamp,1,BC-017,Unique,No Violation,,,[],Deterministic
AQUSA,rule-based,BADCamp,1,BC-017,Uniform,No Violation,,,[],Deterministic
AQUSA,rule-based,BADCamp,1,BC-018,Well-formed,No Violation,,,[],Deterministic
AQUSA,rule-based,BADCamp,1,BC-018,Atomic,No Violation,,,[],Deterministic
AQUSA,rule-based,BADCamp,1,BC-018,Minimal,No Violation,,,[],Deterministic
AQUSA,rule-based,BADCamp,1,BC-018,Unique,No Violation,,,[],Deterministic
AQUSA,rule-based,BADCamp,1,BC-018,Uniform,No Violation,,,[],Deterministic
AQUSA,rule-based,BADCamp,1,BC-019,Well-formed,No Violation,,,[],Deterministic
AQUSA,rule-based,BADCamp,1,BC-019,Atomic,Violation,,"conjunctions: As a anonymoususer, I want to find out where the coding lounge is [* and *] what time it is open, so that I can code with my friends.",[],Deterministic
AQUSA,rule-based,BADCamp,1,BC-019,Minimal,No Violation,,,[],Deterministic
AQUSA,rule-based,BADCamp,1,BC-019,Unique,No Violation,,,[],Deterministic
AQUSA,rule-based,BADCamp,1,BC-019,Uniform,No Violation,,,[],Deterministic
AQUSA,rule-based,BADCamp,1,BC-020,Well-formed,No Violation,,,[],Deterministic
AQUSA,rule-based,BADCamp,1,BC-020,Atomic,No Violation,,,[],Deterministic
AQUSA,rule-based,BADCamp,1,BC-020,Minimal,No Violation,,,[],Deterministic
AQUSA,rule-based,BADCamp,1,BC-020,Unique,No Violation,,,[],Deterministic
AQUSA,rule-based,BADCamp,1,BC-020,Uniform,No Violation,,,[],Deterministic
AQUSA,rule-based,BADCamp,1,BC-021,Well-formed,No Violation,,,[],Deterministic
AQUSA,rule-based,BADCamp,1,BC-021,Atomic,No Violation,,,[],Deterministic
AQUSA,rule-based,BADCamp,1,BC-021,Minimal,No Violation,,,[],Deterministic
AQUSA,rule-based,BADCamp,1,BC-021,Unique,No Violation,,,[],Deterministic
AQUSA,rule-based,BADCamp,1,BC-021,Uniform,No Violation,,,[],Deterministic
AQUSA,rule-based,BADCamp,1,BC-022,Well-formed,No Violation,,,[],Deterministic
AQUSA,rule-based,BADCamp,1,BC-022,Atomic,No Violation,,,[],Deterministic
AQUSA,rule-based,BADCamp,1,BC-022,Minimal,No Violation,,,[],Deterministic
AQUSA,rule-based,BADCamp,1,BC-022,Unique,No Violation,,,[],Deterministic
AQUSA,rule-based,BADCamp,1,BC-022,Uniform,No Violation,,,[],Deterministic
AQUSA,rule-based,BADCamp,1,BC-023,Well-formed,No Violation,,,[],Deterministic
AQUSA,rule-based,BADCamp,1,BC-023,Atomic,No Violation,,,[],Deterministic
AQUSA,rule-based,BADCamp,1,BC-023,Minimal,No Violation,,,[],Deterministic
AQUSA,rule-based,BADCamp,1,BC-023,Unique,No Violation,,,[],Deterministic
AQUSA,rule-based,BADCamp,1,BC-023,Uniform,No Violation,,,[],Deterministic
AQUSA,rule-based,BADCamp,1,BC-024,Well-formed,No Violation,,,[],Deterministic
AQUSA,rule-based,BADCamp,1,BC-024,Atomic,No Violation,,,[],Deterministic
AQUSA,rule-based,BADCamp,1,BC-024,Minimal,No Violation,,,[],Deterministic
AQUSA,rule-based,BADCamp,1,BC-024,Unique,No Violation,,,[],Deterministic
AQUSA,rule-based,BADCamp,1,BC-024,Uniform,No Violation,,,[],Deterministic
AQUSA,rule-based,BADCamp,1,BC-025,Well-formed,No Violation,,,[],Deterministic
AQUSA,rule-based,BADCamp,1,BC-025,Atomic,No Violation,,,[],Deterministic
AQUSA,rule-based,BADCamp,1,BC-025,Minimal,No Violation,,,[],Deterministic
AQUSA,rule-based,BADCamp,1,BC-025,Unique,No Violation,,,[],Deterministic
AQUSA,rule-based,BADCamp,1,BC-025,Uniform,No Violation,,,[],Deterministic
AQUSA,rule-based,BADCamp,1,BC-026,Well-formed,No Violation,,,[],Deterministic
AQUSA,rule-based,BADCamp,1,BC-026,Atomic,No Violation,,,[],Deterministic
AQUSA,rule-based,BADCamp,1,BC-026,Minimal,Violation,,"indicator_repetition: As a anonymoususer, [* I want to *] see a list of the sessions associated with sponsor attendees, so that I know where [* I can *] engage with this sponsor and where they are thought leaders.",[],Deterministic
AQUSA,rule-based,BADCamp,1,BC-026,Unique,No Violation,,,[],Deterministic
AQUSA,rule-based,BADCamp,1,BC-026,Uniform,No Violation,,,[],Deterministic
AQUSA,rule-based,BADCamp,1,BC-027,Well-formed,No Violation,,,[],Deterministic
AQUSA,rule-based,BADCamp,1,BC-027,Atomic,No Violation,,,[],Deterministic
AQUSA,rule-based,BADCamp,1,BC-027,Minimal,No Violation,,,[],Deterministic
AQUSA,rule-based,BADCamp,1,BC-027,Unique,No Violation,,,[],Deterministic
AQUSA,rule-based,BADCamp,1,BC-027,Uniform,No Violation,,,[],Deterministic
AQUSA,rule-based,BADCamp,1,BC-028,Well-formed,No Violation,,,[],Deterministic
AQUSA,rule-based,BADCamp,1,BC-028,Atomic,No Violation,,,[],Deterministic
AQUSA,rule-based,BADCamp,1,BC-028,Minimal,No Violation,,,[],Deterministic
AQUSA,rule-based,BADCamp,1,BC-028,Unique,No Violation,,,[],Deterministic
AQUSA,rule-based,BADCamp,1,BC-028,Uniform,No Violation,,,[],Deterministic
AQUSA,rule-based,BADCamp,1,BC-029,Well-formed,No Violation,,,[],Deterministic
AQUSA,rule-based,BADCamp,1,BC-029,Atomic,Violation,,"conjunctions: As a anonymoususer, I want to see all events, trainings [* and *] summits that a sponsor is sponsoring so that I know where I can engage with this sponsor and where they are thought leaders.",[],Deterministic
AQUSA,rule-based,BADCamp,1,BC-029,Minimal,Violation,,"indicator_repetition: As a anonymoususer, [* I want to *] see all events, trainings and summits that a sponsor is sponsoring so that I know where [* I can *] engage with this sponsor and where they are thought leaders.",[],Deterministic
AQUSA,rule-based,BADCamp,1,BC-029,Unique,No Violation,,,[],Deterministic
AQUSA,rule-based,BADCamp,1,BC-029,Uniform,No Violation,,,[],Deterministic
AQUSA,rule-based,BADCamp,1,BC-030,Well-formed,No Violation,,,[],Deterministic
AQUSA,rule-based,BADCamp,1,BC-030,Atomic,Violation,,"conjunctions: As a authenticateduser, I want to Enter payment information [* and *] have my card charged for an individual sponsorship, so that I can pay for an individual sponsorship.",[],Deterministic
AQUSA,rule-based,BADCamp,1,BC-030,Minimal,No Violation,,,[],Deterministic
AQUSA,rule-based,BADCamp,1,BC-030,Unique,No Violation,,,[],Deterministic
AQUSA,rule-based,BADCamp,1,BC-030,Uniform,No Violation,,,[],Deterministic
AQUSA,rule-based,BADCamp,1,BC-031,Well-formed,No Violation,,,[],Deterministic
AQUSA,rule-based,BADCamp,1,BC-031,Atomic,No Violation,,,[],Deterministic
AQUSA,rule-based,BADCamp,1,BC-031,Minimal,No Violation,,,[],Deterministic
AQUSA,rule-based,BADCamp,1,BC-031,Unique,No Violation,,,[],Deterministic
AQUSA,rule-based,BADCamp,1,BC-031,Uniform,No Violation,,,[],Deterministic
AQUSA,rule-based,BADCamp,1,BC-032,Well-formed,No Violation,,,[],Deterministic
AQUSA,rule-based,BADCamp,1,BC-032,Atomic,No Violation,,,[],Deterministic
AQUSA,rule-based,BADCamp,1,BC-032,Minimal,No Violation,,,[],Deterministic
AQUSA,rule-based,BADCamp,1,BC-032,Unique,No Violation,,,[],Deterministic
AQUSA,rule-based,BADCamp,1,BC-032,Uniform,No Violation,,,[],Deterministic
AQUSA,rule-based,BADCamp,1,BC-033,Well-formed,No Violation,,,[],Deterministic
AQUSA,rule-based,BADCamp,1,BC-033,Atomic,No Violation,,,[],Deterministic
AQUSA,rule-based,BADCamp,1,BC-033,Minimal,No Violation,,,[],Deterministic
AQUSA,rule-based,BADCamp,1,BC-033,Unique,No Violation,,,[],Deterministic
AQUSA,rule-based,BADCamp,1,BC-033,Uniform,No Violation,,,[],Deterministic
AQUSA,rule-based,BADCamp,1,BC-034,Well-formed,No Violation,,,[],Deterministic
AQUSA,rule-based,BADCamp,1,BC-034,Atomic,No Violation,,,[],Deterministic
AQUSA,rule-based,BADCamp,1,BC-034,Minimal,No Violation,,,[],Deterministic
AQUSA,rule-based,BADCamp,1,BC-034,Unique,No Violation,,,[],Deterministic
AQUSA,rule-based,BADCamp,1,BC-034,Uniform,No Violation,,,[],Deterministic
AQUSA,rule-based,BADCamp,1,BC-035,Well-formed,No Violation,,,[],Deterministic
AQUSA,rule-based,BADCamp,1,BC-035,Atomic,No Violation,,,[],Deterministic
AQUSA,rule-based,BADCamp,1,BC-035,Minimal,No Violation,,,[],Deterministic
AQUSA,rule-based,BADCamp,1,BC-035,Unique,No Violation,,,[],Deterministic
AQUSA,rule-based,BADCamp,1,BC-035,Uniform,No Violation,,,[],Deterministic
AQUSA,rule-based,BADCamp,1,BC-036,Well-formed,No Violation,,,[],Deterministic
AQUSA,rule-based,BADCamp,1,BC-036,Atomic,No Violation,,,[],Deterministic
AQUSA,rule-based,BADCamp,1,BC-036,Minimal,No Violation,,,[],Deterministic
AQUSA,rule-based,BADCamp,1,BC-036,Unique,No Violation,,,[],Deterministic
AQUSA,rule-based,BADCamp,1,BC-036,Uniform,No Violation,,,[],Deterministic
AQUSA,rule-based,BADCamp,1,BC-037,Well-formed,No Violation,,,[],Deterministic
AQUSA,rule-based,BADCamp,1,BC-037,Atomic,No Violation,,,[],Deterministic
AQUSA,rule-based,BADCamp,1,BC-037,Minimal,No Violation,,,[],Deterministic
AQUSA,rule-based,BADCamp,1,BC-037,Unique,No Violation,,,[],Deterministic
AQUSA,rule-based,BADCamp,1,BC-037,Uniform,No Violation,,,[],Deterministic
AQUSA,rule-based,BADCamp,1,BC-038,Well-formed,No Violation,,,[],Deterministic
AQUSA,rule-based,BADCamp,1,BC-038,Atomic,No Violation,,,[],Deterministic
AQUSA,rule-based,BADCamp,1,BC-038,Minimal,No Violation,,,[],Deterministic
AQUSA,rule-based,BADCamp,1,BC-038,Unique,No Violation,,,[],Deterministic
AQUSA,rule-based,BADCamp,1,BC-038,Uniform,No Violation,,,[],Deterministic
AQUSA,rule-based,BADCamp,1,BC-039,Well-formed,No Violation,,,[],Deterministic
AQUSA,rule-based,BADCamp,1,BC-039,Atomic,No Violation,,,[],Deterministic
AQUSA,rule-based,BADCamp,1,BC-039,Minimal,No Violation,,,[],Deterministic
AQUSA,rule-based,BADCamp,1,BC-039,Unique,No Violation,,,[],Deterministic
AQUSA,rule-based,BADCamp,1,BC-039,Uniform,No Violation,,,[],Deterministic
AQUSA,rule-based,BADCamp,1,BC-040,Well-formed,No Violation,,,[],Deterministic
AQUSA,rule-based,BADCamp,1,BC-040,Atomic,No Violation,,,[],Deterministic
AQUSA,rule-based,BADCamp,1,BC-040,Minimal,No Violation,,,[],Deterministic
AQUSA,rule-based,BADCamp,1,BC-040,Unique,No Violation,,,[],Deterministic
AQUSA,rule-based,BADCamp,1,BC-040,Uniform,No Violation,,,[],Deterministic
AQUSA,rule-based,BADCamp,1,BC-041,Well-formed,No Violation,,,[],Deterministic
AQUSA,rule-based,BADCamp,1,BC-041,Atomic,No Violation,,,[],Deterministic
AQUSA,rule-based,BADCamp,1,BC-041,Minimal,No Violation,,,[],Deterministic
AQUSA,rule-based,BADCamp,1,BC-041,Unique,No Violation,,,[],Deterministic
AQUSA,rule-based,BADCamp,1,BC-041,Uniform,No Violation,,,[],Deterministic
AQUSA,rule-based,BADCamp,1,BC-042,Well-formed,No Violation,,,[],Deterministic
AQUSA,rule-based,BADCamp,1,BC-042,Atomic,No Violation,,,[],Deterministic
AQUSA,rule-based,BADCamp,1,BC-042,Minimal,No Violation,,,[],Deterministic
AQUSA,rule-based,BADCamp,1,BC-042,Unique,No Violation,,,[],Deterministic
AQUSA,rule-based,BADCamp,1,BC-042,Uniform,No Violation,,,[],Deterministic
AQUSA,rule-based,BADCamp,1,BC-043,Well-formed,No Violation,,,[],Deterministic
AQUSA,rule-based,BADCamp,1,BC-043,Atomic,No Violation,,,[],Deterministic
AQUSA,rule-based,BADCamp,1,BC-043,Minimal,No Violation,,,[],Deterministic
AQUSA,rule-based,BADCamp,1,BC-043,Unique,No Violation,,,[],Deterministic
AQUSA,rule-based,BADCamp,1,BC-043,Uniform,No Violation,,,[],Deterministic
AQUSA,rule-based,BADCamp,1,BC-044,Well-formed,No Violation,,,[],Deterministic
AQUSA,rule-based,BADCamp,1,BC-044,Atomic,No Violation,,,[],Deterministic
AQUSA,rule-based,BADCamp,1,BC-044,Minimal,No Violation,,,[],Deterministic
AQUSA,rule-based,BADCamp,1,BC-044,Unique,No Violation,,,[],Deterministic
AQUSA,rule-based,BADCamp,1,BC-044,Uniform,No Violation,,,[],Deterministic
AQUSA,rule-based,BADCamp,1,BC-045,Well-formed,No Violation,,,[],Deterministic
AQUSA,rule-based,BADCamp,1,BC-045,Atomic,No Violation,,,[],Deterministic
AQUSA,rule-based,BADCamp,1,BC-045,Minimal,No Violation,,,[],Deterministic
AQUSA,rule-based,BADCamp,1,BC-045,Unique,No Violation,,,[],Deterministic
AQUSA,rule-based,BADCamp,1,BC-045,Uniform,No Violation,,,[],Deterministic
AQUSA,rule-based,BADCamp,1,BC-046,Well-formed,No Violation,,,[],Deterministic
AQUSA,rule-based,BADCamp,1,BC-046,Atomic,No Violation,,,[],Deterministic
AQUSA,rule-based,BADCamp,1,BC-046,Minimal,No Violation,,,[],Deterministic
AQUSA,rule-based,BADCamp,1,BC-046,Unique,No Violation,,,[],Deterministic
AQUSA,rule-based,BADCamp,1,BC-046,Uniform,No Violation,,,[],Deterministic
AQUSA,rule-based,BADCamp,1,BC-047,Well-formed,No Violation,,,[],Deterministic
AQUSA,rule-based,BADCamp,1,BC-047,Atomic,No Violation,,,[],Deterministic
AQUSA,rule-based,BADCamp,1,BC-047,Minimal,No Violation,,,[],Deterministic
AQUSA,rule-based,BADCamp,1,BC-047,Unique,No Violation,,,[],Deterministic
AQUSA,rule-based,BADCamp,1,BC-047,Uniform,No Violation,,,[],Deterministic
AQUSA,rule-based,BADCamp,1,BC-048,Well-formed,No Violation,,,[],Deterministic
AQUSA,rule-based,BADCamp,1,BC-048,Atomic,No Violation,,,[],Deterministic
AQUSA,rule-based,BADCamp,1,BC-048,Minimal,No Violation,,,[],Deterministic
AQUSA,rule-based,BADCamp,1,BC-048,Unique,No Violation,,,[],Deterministic
AQUSA,rule-based,BADCamp,1,BC-048,Uniform,No Violation,,,[],Deterministic
AQUSA,rule-based,BADCamp,1,BC-049,Well-formed,No Violation,,,[],Deterministic
AQUSA,rule-based,BADCamp,1,BC-049,Atomic,No Violation,,,[],Deterministic
AQUSA,rule-based,BADCamp,1,BC-049,Minimal,No Violation,,,[],Deterministic
AQUSA,rule-based,BADCamp,1,BC-049,Unique,No Violation,,,[],Deterministic
AQUSA,rule-based,BADCamp,1,BC-049,Uniform,No Violation,,,[],Deterministic
AQUSA,rule-based,BADCamp,1,BC-050,Well-formed,No Violation,,,[],Deterministic
AQUSA,rule-based,BADCamp,1,BC-050,Atomic,No Violation,,,[],Deterministic
AQUSA,rule-based,BADCamp,1,BC-050,Minimal,No Violation,,,[],Deterministic
AQUSA,rule-based,BADCamp,1,BC-050,Unique,No Violation,,,[],Deterministic
AQUSA,rule-based,BADCamp,1,BC-050,Uniform,No Violation,,,[],Deterministic
AQUSA,rule-based,BADCamp,1,BC-051,Well-formed,No Violation,,,[],Deterministic
AQUSA,rule-based,BADCamp,1,BC-051,Atomic,Violation,,"conjunctions: As a anonymoususer, I want to learn about posting jobs as a sponsor [* and *] contact the sponsorship person, so that I have the opportunty to post my job listing on the BADCamp site.",[],Deterministic
AQUSA,rule-based,BADCamp,1,BC-051,Minimal,No Violation,,,[],Deterministic
AQUSA,rule-based,BADCamp,1,BC-051,Unique,No Violation,,,[],Deterministic
AQUSA,rule-based,BADCamp,1,BC-051,Uniform,No Violation,,,[],Deterministic
AQUSA,rule-based,BADCamp,1,BC-052,Well-formed,No Violation,,,[],Deterministic
AQUSA,rule-based,BADCamp,1,BC-052,Atomic,No Violation,,,[],Deterministic
AQUSA,rule-based,BADCamp,1,BC-052,Minimal,No Violation,,,[],Deterministic
AQUSA,rule-based,BADCamp,1,BC-052,Unique,No Violation,,,[],Deterministic
AQUSA,rule-based,BADCamp,1,BC-052,Uniform,No Violation,,,[],Deterministic
AQUSA,rule-based,BADCamp,1,BC-053,Well-formed,No Violation,,,[],Deterministic
AQUSA,rule-based,BADCamp,1,BC-053,Atomic,No Violation,,,[],Deterministic
AQUSA,rule-based,BADCamp,1,BC-053,Minimal,No Violation,,,[],Deterministic
AQUSA,rule-based,BADCamp,1,BC-053,Unique,No Violation,,,[],Deterministic
AQUSA,rule-based,BADCamp,1,BC-053,Uniform,No Violation,,,[],Deterministic
AQUSA,rule-based,BADCamp,1,BC-054,Well-formed,No Violation,,,[],Deterministic
AQUSA,rule-based,BADCamp,1,BC-054,Atomic,No Violation,,,[],Deterministic
AQUSA,rule-based,BADCamp,1,BC-054,Minimal,No Violation,,,[],Deterministic
AQUSA,rule-based,BADCamp,1,BC-054,Unique,No Violation,,,[],Deterministic
AQUSA,rule-based,BADCamp,1,BC-054,Uniform,No Violation,,,[],Deterministic
AQUSA,rule-based,BADCamp,1,BC-055,Well-formed,No Violation,,,[],Deterministic
AQUSA,rule-based,BADCamp,1,BC-055,Atomic,No Violation,,,[],Deterministic
AQUSA,rule-based,BADCamp,1,BC-055,Minimal,No Violation,,,[],Deterministic
AQUSA,rule-based,BADCamp,1,BC-055,Unique,No Violation,,,[],Deterministic
AQUSA,rule-based,BADCamp,1,BC-055,Uniform,No Violation,,,[],Deterministic
AQUSA,rule-based,BADCamp,1,BC-056,Well-formed,No Violation,,,[],Deterministic
AQUSA,rule-based,BADCamp,1,BC-056,Atomic,No Violation,,,[],Deterministic
AQUSA,rule-based,BADCamp,1,BC-056,Minimal,No Violation,,,[],Deterministic
AQUSA,rule-based,BADCamp,1,BC-056,Unique,No Violation,,,[],Deterministic
AQUSA,rule-based,BADCamp,1,BC-056,Uniform,No Violation,,,[],Deterministic
AQUSA,rule-based,BADCamp,1,BC-057,Well-formed,No Violation,,,[],Deterministic
AQUSA,rule-based,BADCamp,1,BC-057,Atomic,No Violation,,,[],Deterministic
AQUSA,rule-based,BADCamp,1,BC-057,Minimal,No Violation,,,[],Deterministic
AQUSA,rule-based,BADCamp,1,BC-057,Unique,No Violation,,,[],Deterministic
AQUSA,rule-based,BADCamp,1,BC-057,Uniform,No Violation,,,[],Deterministic
AQUSA,rule-based,BADCamp,1,BC-058,Well-formed,No Violation,,,[],Deterministic
AQUSA,rule-based,BADCamp,1,BC-058,Atomic,No Violation,,,[],Deterministic
AQUSA,rule-based,BADCamp,1,BC-058,Minimal,No Violation,,,[],Deterministic
AQUSA,rule-based,BADCamp,1,BC-058,Unique,No Violation,,,[],Deterministic
AQUSA,rule-based,BADCamp,1,BC-058,Uniform,No Violation,,,[],Deterministic
AQUSA,rule-based,BADCamp,1,BC-059,Well-formed,No Violation,,,[],Deterministic
AQUSA,rule-based,BADCamp,1,BC-059,Atomic,No Violation,,,[],Deterministic
AQUSA,rule-based,BADCamp,1,BC-059,Minimal,No Violation,,,[],Deterministic
AQUSA,rule-based,BADCamp,1,BC-059,Unique,No Violation,,,[],Deterministic
AQUSA,rule-based,BADCamp,1,BC-059,Uniform,No Violation,,,[],Deterministic
AQUSA,rule-based,BADCamp,1,BC-060,Well-formed,No Violation,,,[],Deterministic
AQUSA,rule-based,BADCamp,1,BC-060,Atomic,No Violation,,,[],Deterministic
AQUSA,rule-based,BADCamp,1,BC-060,Minimal,No Violation,,,[],Deterministic
AQUSA,rule-based,BADCamp,1,BC-060,Unique,No Violation,,,[],Deterministic
AQUSA,rule-based,BADCamp,1,BC-060,Uniform,No Violation,,,[],Deterministic
AQUSA,rule-based,BADCamp,1,BC-061,Well-formed,No Violation,,,[],Deterministic
AQUSA,rule-based,BADCamp,1,BC-061,Atomic,No Violation,,,[],Deterministic
AQUSA,rule-based,BADCamp,1,BC-061,Minimal,Violation,,"indicator_repetition: As a authenticateduser, [* I want to *] edit my session, so that if I make a mistake, [* I can *] correct it.",[],Deterministic
AQUSA,rule-based,BADCamp,1,BC-061,Unique,No Violation,,,[],Deterministic
AQUSA,rule-based,BADCamp,1,BC-061,Uniform,No Violation,,,[],Deterministic
AQUSA,rule-based,BADCamp,1,BC-062,Well-formed,No Violation,,,[],Deterministic
AQUSA,rule-based,BADCamp,1,BC-062,Atomic,No Violation,,,[],Deterministic
AQUSA,rule-based,BADCamp,1,BC-062,Minimal,No Violation,,,[],Deterministic
AQUSA,rule-based,BADCamp,1,BC-062,Unique,No Violation,,,[],Deterministic
AQUSA,rule-based,BADCamp,1,BC-062,Uniform,No Violation,,,[],Deterministic
AQUSA,rule-based,BADCamp,1,BC-063,Well-formed,No Violation,,,[],Deterministic
AQUSA,rule-based,BADCamp,1,BC-063,Atomic,No Violation,,,[],Deterministic
AQUSA,rule-based,BADCamp,1,BC-063,Minimal,No Violation,,,[],Deterministic
AQUSA,rule-based,BADCamp,1,BC-063,Unique,No Violation,,,[],Deterministic
AQUSA,rule-based,BADCamp,1,BC-063,Uniform,No Violation,,,[],Deterministic
AQUSA,rule-based,BADCamp,1,BC-064,Well-formed,No Violation,,,[],Deterministic
AQUSA,rule-based,BADCamp,1,BC-064,Atomic,No Violation,,,[],Deterministic
AQUSA,rule-based,BADCamp,1,BC-064,Minimal,No Violation,,,[],Deterministic
AQUSA,rule-based,BADCamp,1,BC-064,Unique,No Violation,,,[],Deterministic
AQUSA,rule-based,BADCamp,1,BC-064,Uniform,No Violation,,,[],Deterministic
AQUSA,rule-based,BADCamp,1,BC-065,Well-formed,No Violation,,,[],Deterministic
AQUSA,rule-based,BADCamp,1,BC-065,Atomic,No Violation,,,[],Deterministic
AQUSA,rule-based,BADCamp,1,BC-065,Minimal,Violation,,"indicator_repetition: As a anonymoususer, [* I want to *] see a list of all the summits that include when they are, so that I can determine which summit [* I want to *] attend.",[],Deterministic
AQUSA,rule-based,BADCamp,1,BC-065,Unique,No Violation,,,[],Deterministic
AQUSA,rule-based,BADCamp,1,BC-065,Uniform,No Violation,,,[],Deterministic
AQUSA,rule-based,BADCamp,1,BC-066,Well-formed,No Violation,,,[],Deterministic
AQUSA,rule-based,BADCamp,1,BC-066,Atomic,No Violation,,,[],Deterministic
AQUSA,rule-based,BADCamp,1,BC-066,Minimal,No Violation,,,[],Deterministic
AQUSA,rule-based,BADCamp,1,BC-066,Unique,No Violation,,,[],Deterministic
AQUSA,rule-based,BADCamp,1,BC-066,Uniform,No Violation,,,[],Deterministic
AQUSA,rule-based,BADCamp,1,BC-067,Well-formed,No Violation,,,[],Deterministic
AQUSA,rule-based,BADCamp,1,BC-067,Atomic,No Violation,,,[],Deterministic
AQUSA,rule-based,BADCamp,1,BC-067,Minimal,No Violation,,,[],Deterministic
AQUSA,rule-based,BADCamp,1,BC-067,Unique,No Violation,,,[],Deterministic
AQUSA,rule-based,BADCamp,1,BC-067,Uniform,No Violation,,,[],Deterministic
AQUSA,rule-based,BADCamp,1,BC-068,Well-formed,No Violation,,,[],Deterministic
AQUSA,rule-based,BADCamp,1,BC-068,Atomic,No Violation,,,[],Deterministic
AQUSA,rule-based,BADCamp,1,BC-068,Minimal,No Violation,,,[],Deterministic
AQUSA,rule-based,BADCamp,1,BC-068,Unique,No Violation,,,[],Deterministic
AQUSA,rule-based,BADCamp,1,BC-068,Uniform,No Violation,,,[],Deterministic
AQUSA,rule-based,BADCamp,1,BC-069,Well-formed,No Violation,,,[],Deterministic
AQUSA,rule-based,BADCamp,1,BC-069,Atomic,No Violation,,,[],Deterministic
AQUSA,rule-based,BADCamp,1,BC-069,Minimal,No Violation,,,[],Deterministic
AQUSA,rule-based,BADCamp,1,BC-069,Unique,No Violation,,,[],Deterministic
AQUSA,rule-based,BADCamp,1,BC-069,Uniform,No Violation,,,[],Deterministic
AQUSA,rule-based,Zooniverse,1,ZO-001,Well-formed,No Violation,,,[],Deterministic
AQUSA,rule-based,Zooniverse,1,ZO-001,Atomic,Violation,,"conjunctions: As a user, I want to search [* and *] discover music using content identification [* or *] fingerprinting.",[],Deterministic
AQUSA,rule-based,Zooniverse,1,ZO-001,Minimal,No Violation,,,[],Deterministic
AQUSA,rule-based,Zooniverse,1,ZO-001,Unique,No Violation,,,[],Deterministic
AQUSA,rule-based,Zooniverse,1,ZO-001,Uniform,No Violation,,,[],Deterministic
AQUSA,rule-based,Zooniverse,1,ZO-002,Well-formed,No Violation,,,[],Deterministic
AQUSA,rule-based,Zooniverse,1,ZO-002,Atomic,Violation,,"conjunctions: As a user, I want to search [* and *] discover music based on my profile.",[],Deterministic
AQUSA,rule-based,Zooniverse,1,ZO-002,Minimal,No Violation,,,[],Deterministic
AQUSA,rule-based,Zooniverse,1,ZO-002,Unique,No Violation,,,[],Deterministic
AQUSA,rule-based,Zooniverse,1,ZO-002,Uniform,No Violation,,,[],Deterministic
AQUSA,rule-based,Zooniverse,1,ZO-003,Well-formed,No Violation,,,[],Deterministic
AQUSA,rule-based,Zooniverse,1,ZO-003,Atomic,Violation,,"conjunctions: As a user, I want to search [* and *] discover music based on other users similar to myself.",[],Deterministic
AQUSA,rule-based,Zooniverse,1,ZO-003,Minimal,No Violation,,,[],Deterministic
AQUSA,rule-based,Zooniverse,1,ZO-003,Unique,No Violation,,,[],Deterministic
AQUSA,rule-based,Zooniverse,1,ZO-003,Uniform,No Violation,,,[],Deterministic
AQUSA,rule-based,Zooniverse,1,ZO-004,Well-formed,No Violation,,,[],Deterministic
AQUSA,rule-based,Zooniverse,1,ZO-004,Atomic,Violation,,"conjunctions: As a user, I want to search [* and *] discover music [* or *] ringback tones similar to a given music video based on content similarity.",[],Deterministic
AQUSA,rule-based,Zooniverse,1,ZO-004,Minimal,No Violation,,,[],Deterministic
AQUSA,rule-based,Zooniverse,1,ZO-004,Unique,No Violation,,,[],Deterministic
AQUSA,rule-based,Zooniverse,1,ZO-004,Uniform,No Violation,,,[],Deterministic
AQUSA,rule-based,Zooniverse,1,ZO-005,Well-formed,No Violation,,,[],Deterministic
AQUSA,rule-based,Zooniverse,1,ZO-005,Atomic,Violation,,"conjunctions: As a user, I want to search [* and *] discover music by exploiting enriched metadata and image tags, so that I find related artists, new genre, [* or *] other relevant listening path.",[],Deterministic
AQUSA,rule-based,Zooniverse,1,ZO-005,Minimal,No Violation,,,[],Deterministic
AQUSA,rule-based,Zooniverse,1,ZO-005,Unique,No Violation,,,[],Deterministic
AQUSA,rule-based,Zooniverse,1,ZO-005,Uniform,No Violation,,,[],Deterministic
AQUSA,rule-based,Zooniverse,1,ZO-006,Well-formed,No Violation,,,[],Deterministic
AQUSA,rule-based,Zooniverse,1,ZO-006,Atomic,Violation,,"conjunctions: As a user, I want to upload tagged videos [* and *] have tags available for all further processing steps.",[],Deterministic
AQUSA,rule-based,Zooniverse,1,ZO-006,Minimal,No Violation,,,[],Deterministic
AQUSA,rule-based,Zooniverse,1,ZO-006,Unique,No Violation,,,[],Deterministic
AQUSA,rule-based,Zooniverse,1,ZO-006,Uniform,No Violation,,,[],Deterministic
AQUSA,rule-based,Zooniverse,1,ZO-007,Well-formed,No Violation,,,[],Deterministic
AQUSA,rule-based,Zooniverse,1,ZO-007,Atomic,No Violation,,,[],Deterministic
AQUSA,rule-based,Zooniverse,1,ZO-007,Minimal,No Violation,,,[],Deterministic
AQUSA,rule-based,Zooniverse,1,ZO-007,Unique,No Violation,,,[],Deterministic
AQUSA,rule-based,Zooniverse,1,ZO-007,Uniform,No Violation,,,[],Deterministic
AQUSA,rule-based,Zooniverse,1,ZO-008,Well-formed,No Violation,,,[],Deterministic
AQUSA,rule-based,Zooniverse,1,ZO-008,Atomic,No Violation,,,[],Deterministic
AQUSA,rule-based,Zooniverse,1,ZO-008,Minimal,No Violation,,,[],Deterministic
AQUSA,rule-based,Zooniverse,1,ZO-008,Unique,No Violation,,,[],Deterministic
AQUSA,rule-based,Zooniverse,1,ZO-008,Uniform,No Violation,,,[],Deterministic
AQUSA,rule-based,Zooniverse,1,ZO-009,Well-formed,No Violation,,,[],Deterministic
AQUSA,rule-based,Zooniverse,1,ZO-009,Atomic,No Violation,,,[],Deterministic
AQUSA,rule-based,Zooniverse,1,ZO-009,Minimal,No Violation,,,[],Deterministic
AQUSA,rule-based,Zooniverse,1,ZO-009,Unique,No Violation,,,[],Deterministic
AQUSA,rule-based,Zooniverse,1,ZO-009,Uniform,No Violation,,,[],Deterministic
AQUSA,rule-based,Zooniverse,1,ZO-010,Well-formed,No Violation,,,[],Deterministic
AQUSA,rule-based,Zooniverse,1,ZO-010,Atomic,No Violation,,,[],Deterministic
AQUSA,rule-based,Zooniverse,1,ZO-010,Minimal,No Violation,,,[],Deterministic
AQUSA,rule-based,Zooniverse,1,ZO-010,Unique,No Violation,,,[],Deterministic
AQUSA,rule-based,Zooniverse,1,ZO-010,Uniform,No Violation,,,[],Deterministic
AQUSA,rule-based,Zooniverse,1,ZO-011,Well-formed,No Violation,,,[],Deterministic
AQUSA,rule-based,Zooniverse,1,ZO-011,Atomic,No Violation,,,[],Deterministic
AQUSA,rule-based,Zooniverse,1,ZO-011,Minimal,No Violation,,,[],Deterministic
AQUSA,rule-based,Zooniverse,1,ZO-011,Unique,No Violation,,,[],Deterministic
AQUSA,rule-based,Zooniverse,1,ZO-011,Uniform,No Violation,,,[],Deterministic
AQUSA,rule-based,Zooniverse,1,ZO-012,Well-formed,No Violation,,,[],Deterministic
AQUSA,rule-based,Zooniverse,1,ZO-012,Atomic,Violation,,"conjunctions: As a user, I want to identify persons in videos, [* and *] receive related information about them.",[],Deterministic
AQUSA,rule-based,Zooniverse,1,ZO-012,Minimal,No Violation,,,[],Deterministic
AQUSA,rule-based,Zooniverse,1,ZO-012,Unique,No Violation,,,[],Deterministic
AQUSA,rule-based,Zooniverse,1,ZO-012,Uniform,No Violation,,,[],Deterministic
AQUSA,rule-based,Zooniverse,1,ZO-013,Well-formed,No Violation,,,[],Deterministic
AQUSA,rule-based,Zooniverse,1,ZO-013,Atomic,Violation,,"conjunctions: As a user, I want to identify products in videos, [* and *] receive related information about them.",[],Deterministic
AQUSA,rule-based,Zooniverse,1,ZO-013,Minimal,No Violation,,,[],Deterministic
AQUSA,rule-based,Zooniverse,1,ZO-013,Unique,No Violation,,,[],Deterministic
AQUSA,rule-based,Zooniverse,1,ZO-013,Uniform,No Violation,,,[],Deterministic
AQUSA,rule-based,Zooniverse,1,ZO-014,Well-formed,No Violation,,,[],Deterministic
AQUSA,rule-based,Zooniverse,1,ZO-014,Atomic,Violation,,"conjunctions: As a user, I want to identify broadcaster logos in videos, [* and *] receive related information about them.",[],Deterministic
AQUSA,rule-based,Zooniverse,1,ZO-014,Minimal,No Violation,,,[],Deterministic
AQUSA,rule-based,Zooniverse,1,ZO-014,Unique,No Violation,,,[],Deterministic
AQUSA,rule-based,Zooniverse,1,ZO-014,Uniform,No Violation,,,[],Deterministic
AQUSA,rule-based,Zooniverse,1,ZO-015,Well-formed,No Violation,,,[],Deterministic
AQUSA,rule-based,Zooniverse,1,ZO-015,Atomic,Violation,,"conjunctions: As a user, I want to identify brands in videos, [* and *] receive related information about them.",[],Deterministic
AQUSA,rule-based,Zooniverse,1,ZO-015,Minimal,No Violation,,,[],Deterministic
AQUSA,rule-based,Zooniverse,1,ZO-015,Unique,No Violation,,,[],Deterministic
AQUSA,rule-based,Zooniverse,1,ZO-015,Uniform,No Violation,,,[],Deterministic
AQUSA,rule-based,Zooniverse,1,ZO-016,Well-formed,No Violation,,,[],Deterministic
AQUSA,rule-based,Zooniverse,1,ZO-016,Atomic,No Violation,,,[],Deterministic
AQUSA,rule-based,Zooniverse,1,ZO-016,Minimal,No Violation,,,[],Deterministic
AQUSA,rule-based,Zooniverse,1,ZO-016,Unique,No Violation,,,[],Deterministic
AQUSA,rule-based,Zooniverse,1,ZO-016,Uniform,No Violation,,,[],Deterministic
AQUSA,rule-based,Zooniverse,1,ZO-017,Well-formed,No Violation,,,[],Deterministic
AQUSA,rule-based,Zooniverse,1,ZO-017,Atomic,Violation,,"conjunctions: As a user, I want to walk around, access content using a geographical map [* and *] be informed if there are videos covering the area, monuments [* or *] any other relevant point of interest.",[],Deterministic
AQUSA,rule-based,Zooniverse,1,ZO-017,Minimal,No Violation,,,[],Deterministic
AQUSA,rule-based,Zooniverse,1,ZO-017,Unique,No Violation,,,[],Deterministic
AQUSA,rule-based,Zooniverse,1,ZO-017,Uniform,No Violation,,,[],Deterministic
AQUSA,rule-based,Zooniverse,1,ZO-018,Well-formed,No Violation,,,[],Deterministic
AQUSA,rule-based,Zooniverse,1,ZO-018,Atomic,No Violation,,,[],Deterministic
AQUSA,rule-based,Zooniverse,1,ZO-018,Minimal,No Violation,,,[],Deterministic
AQUSA,rule-based,Zooniverse,1,ZO-018,Unique,No Violation,,,[],Deterministic
AQUSA,rule-based,Zooniverse,1,ZO-018,Uniform,No Violation,,,[],Deterministic
AQUSA,rule-based,Zooniverse,1,ZO-019,Well-formed,No Violation,,,[],Deterministic
AQUSA,rule-based,Zooniverse,1,ZO-019,Atomic,No Violation,,,[],Deterministic
AQUSA,rule-based,Zooniverse,1,ZO-019,Minimal,No Violation,,,[],Deterministic
AQUSA,rule-based,Zooniverse,1,ZO-019,Unique,No Violation,,,[],Deterministic
AQUSA,rule-based,Zooniverse,1,ZO-019,Uniform,No Violation,,,[],Deterministic
AQUSA,rule-based,Zooniverse,1,ZO-020,Well-formed,No Violation,,,[],Deterministic
AQUSA,rule-based,Zooniverse,1,ZO-020,Atomic,Violation,,"conjunctions: As an admin, I want to annotate news video segments [* and *] extract a topic for each segment.",[],Deterministic
AQUSA,rule-based,Zooniverse,1,ZO-020,Minimal,No Violation,,,[],Deterministic
AQUSA,rule-based,Zooniverse,1,ZO-020,Unique,No Violation,,,[],Deterministic
AQUSA,rule-based,Zooniverse,1,ZO-020,Uniform,No Violation,,,[],Deterministic
AQUSA,rule-based,Zooniverse,1,ZO-021,Well-formed,No Violation,,,[],Deterministic
AQUSA,rule-based,Zooniverse,1,ZO-021,Atomic,Violation,,"conjunctions: As an admin, I want to filter [* and *] rank videos based on A [*/*] V quality aspects.",[],Deterministic
AQUSA,rule-based,Zooniverse,1,ZO-021,Minimal,No Violation,,,[],Deterministic
AQUSA,rule-based,Zooniverse,1,ZO-021,Unique,No Violation,,,[],Deterministic
AQUSA,rule-based,Zooniverse,1,ZO-021,Uniform,No Violation,,,[],Deterministic
AQUSA,rule-based,Zooniverse,1,ZO-022,Well-formed,No Violation,,,[],Deterministic
AQUSA,rule-based,Zooniverse,1,ZO-022,Atomic,No Violation,,,[],Deterministic
AQUSA,rule-based,Zooniverse,1,ZO-022,Minimal,No Violation,,,[],Deterministic
AQUSA,rule-based,Zooniverse,1,ZO-022,Unique,No Violation,,,[],Deterministic
AQUSA,rule-based,Zooniverse,1,ZO-022,Uniform,No Violation,,,[],Deterministic
AQUSA,rule-based,Zooniverse,1,ZO-023,Well-formed,No Violation,,,[],Deterministic
AQUSA,rule-based,Zooniverse,1,ZO-023,Atomic,No Violation,,,[],Deterministic
AQUSA,rule-based,Zooniverse,1,ZO-023,Minimal,No Violation,,,[],Deterministic
AQUSA,rule-based,Zooniverse,1,ZO-023,Unique,No Violation,,,[],Deterministic
AQUSA,rule-based,Zooniverse,1,ZO-023,Uniform,No Violation,,,[],Deterministic
AQUSA,rule-based,Zooniverse,1,ZO-024,Well-formed,No Violation,,,[],Deterministic
AQUSA,rule-based,Zooniverse,1,ZO-024,Atomic,No Violation,,,[],Deterministic
AQUSA,rule-based,Zooniverse,1,ZO-024,Minimal,No Violation,,,[],Deterministic
AQUSA,rule-based,Zooniverse,1,ZO-024,Unique,No Violation,,,[],Deterministic
AQUSA,rule-based,Zooniverse,1,ZO-024,Uniform,No Violation,,,[],Deterministic
AQUSA,rule-based,Zooniverse,1,ZO-025,Well-formed,No Violation,,,[],Deterministic
AQUSA,rule-based,Zooniverse,1,ZO-025,Atomic,No Violation,,,[],Deterministic
AQUSA,rule-based,Zooniverse,1,ZO-025,Minimal,No Violation,,,[],Deterministic
AQUSA,rule-based,Zooniverse,1,ZO-025,Unique,No Violation,,,[],Deterministic
AQUSA,rule-based,Zooniverse,1,ZO-025,Uniform,No Violation,,,[],Deterministic
AQUSA,rule-based,Zooniverse,1,ZO-026,Well-formed,No Violation,,,[],Deterministic
AQUSA,rule-based,Zooniverse,1,ZO-026,Atomic,Violation,,"conjunctions: As an admin, I want to prefilter the content using search on high­level asset information such as metadata [* and *] tags either recognized by the system of provided by the user.",[],Deterministic
AQUSA,rule-based,Zooniverse,1,ZO-026,Minimal,No Violation,,,[],Deterministic
AQUSA,rule-based,Zooniverse,1,ZO-026,Unique,No Violation,,,[],Deterministic
AQUSA,rule-based,Zooniverse,1,ZO-026,Uniform,No Violation,,,[],Deterministic
AQUSA,rule-based,Zooniverse,1,ZO-027,Well-formed,No Violation,,,[],Deterministic
AQUSA,rule-based,Zooniverse,1,ZO-027,Atomic,Violation,,"conjunctions: As a Zooniverse admin, I want to assess how interesting [* or *] appealing or complex a picture is based on automated analysis, citizen annotations, [* and *] comments on Talk.",[],Deterministic
AQUSA,rule-based,Zooniverse,1,ZO-027,Minimal,No Violation,,,[],Deterministic
AQUSA,rule-based,Zooniverse,1,ZO-027,Unique,No Violation,,,[],Deterministic
AQUSA,rule-based,Zooniverse,1,ZO-027,Uniform,No Violation,,,[],Deterministic
AQUSA,rule-based,Zooniverse,1,ZO-028,Well-formed,No Violation,,,[],Deterministic
AQUSA,rule-based,Zooniverse,1,ZO-028,Atomic,No Violation,,,[],Deterministic
AQUSA,rule-based,Zooniverse,1,ZO-028,Minimal,No Violation,,,[],Deterministic
AQUSA,rule-based,Zooniverse,1,ZO-028,Unique,No Violation,,,[],Deterministic
AQUSA,rule-based,Zooniverse,1,ZO-028,Uniform,No Violation,,,[],Deterministic
AQUSA,rule-based,Zooniverse,1,ZO-029,Well-formed,No Violation,,,[],Deterministic
AQUSA,rule-based,Zooniverse,1,ZO-029,Atomic,No Violation,,,[],Deterministic
AQUSA,rule-based,Zooniverse,1,ZO-029,Minimal,No Violation,,,[],Deterministic
AQUSA,rule-based,Zooniverse,1,ZO-029,Unique,No Violation,,,[],Deterministic
AQUSA,rule-based,Zooniverse,1,ZO-029,Uniform,No Violation,,,[],Deterministic
AQUSA,rule-based,Zooniverse,1,ZO-030,Well-formed,No Violation,,,[],Deterministic
AQUSA,rule-based,Zooniverse,1,ZO-030,Atomic,No Violation,,,[],Deterministic
AQUSA,rule-based,Zooniverse,1,ZO-030,Minimal,No Violation,,,[],Deterministic
AQUSA,rule-based,Zooniverse,1,ZO-030,Unique,No Violation,,,[],Deterministic
AQUSA,rule-based,Zooniverse,1,ZO-030,Uniform,No Violation,,,[],Deterministic
AQUSA,rule-based,Zooniverse,1,ZO-031,Well-formed,No Violation,,,[],Deterministic
AQUSA,rule-based,Zooniverse,1,ZO-031,Atomic,No Violation,,,[],Deterministic
AQUSA,rule-based,Zooniverse,1,ZO-031,Minimal,No Violation,,,[],Deterministic
AQUSA,rule-based,Zooniverse,1,ZO-031,Unique,No Violation,,,[],Deterministic
AQUSA,rule-based,Zooniverse,1,ZO-031,Uniform,No Violation,,,[],Deterministic
AQUSA,rule-based,Zooniverse,1,ZO-032,Well-formed,No Violation,,,[],Deterministic
AQUSA,rule-based,Zooniverse,1,ZO-032,Atomic,No Violation,,,[],Deterministic
AQUSA,rule-based,Zooniverse,1,ZO-032,Minimal,No Violation,,,[],Deterministic
AQUSA,rule-based,Zooniverse,1,ZO-032,Unique,No Violation,,,[],Deterministic
AQUSA,rule-based,Zooniverse,1,ZO-032,Uniform,No Violation,,,[],Deterministic
AQUSA,rule-based,Zooniverse,1,ZO-033,Well-formed,No Violation,,,[],Deterministic
AQUSA,rule-based,Zooniverse,1,ZO-033,Atomic,No Violation,,,[],Deterministic
AQUSA,rule-based,Zooniverse,1,ZO-033,Minimal,No Violation,,,[],Deterministic
AQUSA,rule-based,Zooniverse,1,ZO-033,Unique,No Violation,,,[],Deterministic
AQUSA,rule-based,Zooniverse,1,ZO-033,Uniform,No Violation,,,[],Deterministic
AQUSA,rule-based,Zooniverse,1,ZO-034,Well-formed,No Violation,,,[],Deterministic
AQUSA,rule-based,Zooniverse,1,ZO-034,Atomic,No Violation,,,[],Deterministic
AQUSA,rule-based,Zooniverse,1,ZO-034,Minimal,No Violation,,,[],Deterministic
AQUSA,rule-based,Zooniverse,1,ZO-034,Unique,No Violation,,,[],Deterministic
AQUSA,rule-based,Zooniverse,1,ZO-034,Uniform,No Violation,,,[],Deterministic
AQUSA,rule-based,Zooniverse,1,ZO-035,Well-formed,No Violation,,,[],Deterministic
AQUSA,rule-based,Zooniverse,1,ZO-035,Atomic,No Violation,,,[],Deterministic
AQUSA,rule-based,Zooniverse,1,ZO-035,Minimal,No Violation,,,[],Deterministic
AQUSA,rule-based,Zooniverse,1,ZO-035,Unique,No Violation,,,[],Deterministic
AQUSA,rule-based,Zooniverse,1,ZO-035,Uniform,No Violation,,,[],Deterministic
AQUSA,rule-based,Zooniverse,1,ZO-036,Well-formed,No Violation,,,[],Deterministic
AQUSA,rule-based,Zooniverse,1,ZO-036,Atomic,No Violation,,,[],Deterministic
AQUSA,rule-based,Zooniverse,1,ZO-036,Minimal,No Violation,,,[],Deterministic
AQUSA,rule-based,Zooniverse,1,ZO-036,Unique,No Violation,,,[],Deterministic
AQUSA,rule-based,Zooniverse,1,ZO-036,Uniform,No Violation,,,[],Deterministic
AQUSA,rule-based,Zooniverse,1,ZO-037,Well-formed,No Violation,,,[],Deterministic
AQUSA,rule-based,Zooniverse,1,ZO-037,Atomic,No Violation,,,[],Deterministic
AQUSA,rule-based,Zooniverse,1,ZO-037,Minimal,No Violation,,,[],Deterministic
AQUSA,rule-based,Zooniverse,1,ZO-037,Unique,No Violation,,,[],Deterministic
AQUSA,rule-based,Zooniverse,1,ZO-037,Uniform,No Violation,,,[],Deterministic
AQUSA,rule-based,Zooniverse,1,ZO-038,Well-formed,No Violation,,,[],Deterministic
AQUSA,rule-based,Zooniverse,1,ZO-038,Atomic,No Violation,,,[],Deterministic
AQUSA,rule-based,Zooniverse,1,ZO-038,Minimal,No Violation,,,[],Deterministic
AQUSA,rule-based,Zooniverse,1,ZO-038,Unique,No Violation,,,[],Deterministic
AQUSA,rule-based,Zooniverse,1,ZO-038,Uniform,No Violation,,,[],Deterministic
AQUSA,rule-based,Zooniverse,1,ZO-039,Well-formed,No Violation,,,[],Deterministic
AQUSA,rule-based,Zooniverse,1,ZO-039,Atomic,No Violation,,,[],Deterministic
AQUSA,rule-based,Zooniverse,1,ZO-039,Minimal,No Violation,,,[],Deterministic
AQUSA,rule-based,Zooniverse,1,ZO-039,Unique,No Violation,,,[],Deterministic
AQUSA,rule-based,Zooniverse,1,ZO-039,Uniform,No Violation,,,[],Deterministic
AQUSA,rule-based,Zooniverse,1,ZO-040,Well-formed,No Violation,,,[],Deterministic
AQUSA,rule-based,Zooniverse,1,ZO-040,Atomic,No Violation,,,[],Deterministic
AQUSA,rule-based,Zooniverse,1,ZO-040,Minimal,No Violation,,,[],Deterministic
AQUSA,rule-based,Zooniverse,1,ZO-040,Unique,No Violation,,,[],Deterministic
AQUSA,rule-based,Zooniverse,1,ZO-040,Uniform,No Violation,,,[],Deterministic
AQUSA,rule-based,Zooniverse,1,ZO-041,Well-formed,No Violation,,,[],Deterministic
AQUSA,rule-based,Zooniverse,1,ZO-041,Atomic,No Violation,,,[],Deterministic
AQUSA,rule-based,Zooniverse,1,ZO-041,Minimal,No Violation,,,[],Deterministic
AQUSA,rule-based,Zooniverse,1,ZO-041,Unique,No Violation,,,[],Deterministic
AQUSA,rule-based,Zooniverse,1,ZO-041,Uniform,No Violation,,,[],Deterministic
AQUSA,rule-based,Zooniverse,1,ZO-042,Well-formed,No Violation,,,[],Deterministic
AQUSA,rule-based,Zooniverse,1,ZO-042,Atomic,No Violation,,,[],Deterministic
AQUSA,rule-based,Zooniverse,1,ZO-042,Minimal,No Violation,,,[],Deterministic
AQUSA,rule-based,Zooniverse,1,ZO-042,Unique,No Violation,,,[],Deterministic
AQUSA,rule-based,Zooniverse,1,ZO-042,Uniform,No Violation,,,[],Deterministic
AQUSA,rule-based,Zooniverse,1,ZO-043,Well-formed,No Violation,,,[],Deterministic
AQUSA,rule-based,Zooniverse,1,ZO-043,Atomic,Violation,,"conjunctions: As a Zooniverse admin, I want to assess the probability [*/*] weight of a volunteer’s classification based on their experience.",[],Deterministic
AQUSA,rule-based,Zooniverse,1,ZO-043,Minimal,No Violation,,,[],Deterministic
AQUSA,rule-based,Zooniverse,1,ZO-043,Unique,No Violation,,,[],Deterministic
AQUSA,rule-based,Zooniverse,1,ZO-043,Uniform,No Violation,,,[],Deterministic
AQUSA,rule-based,Zooniverse,1,ZO-044,Well-formed,No Violation,,,[],Deterministic
AQUSA,rule-based,Zooniverse,1,ZO-044,Atomic,No Violation,,,[],Deterministic
AQUSA,rule-based,Zooniverse,1,ZO-044,Minimal,No Violation,,,[],Deterministic
AQUSA,rule-based,Zooniverse,1,ZO-044,Unique,No Violation,,,[],Deterministic
AQUSA,rule-based,Zooniverse,1,ZO-044,Uniform,No Violation,,,[],Deterministic
AQUSA,rule-based,Zooniverse,1,ZO-045,Well-formed,No Violation,,,[],Deterministic
AQUSA,rule-based,Zooniverse,1,ZO-045,Atomic,No Violation,,,[],Deterministic
AQUSA,rule-based,Zooniverse,1,ZO-045,Minimal,No Violation,,,[],Deterministic
AQUSA,rule-based,Zooniverse,1,ZO-045,Unique,No Violation,,,[],Deterministic
AQUSA,rule-based,Zooniverse,1,ZO-045,Uniform,No Violation,,,[],Deterministic
AQUSA,rule-based,Zooniverse,1,ZO-046,Well-formed,No Violation,,,[],Deterministic
AQUSA,rule-based,Zooniverse,1,ZO-046,Atomic,Violation,,"conjunctions: As a Zooniverse admin, I want to remove background noise [* and *] distracting sounds from the audio files.",[],Deterministic
AQUSA,rule-based,Zooniverse,1,ZO-046,Minimal,No Violation,,,[],Deterministic
AQUSA,rule-based,Zooniverse,1,ZO-046,Unique,No Violation,,,[],Deterministic
AQUSA,rule-based,Zooniverse,1,ZO-046,Uniform,No Violation,,,[],Deterministic
AQUSA,rule-based,Zooniverse,1,ZO-047,Well-formed,No Violation,,,[],Deterministic
AQUSA,rule-based,Zooniverse,1,ZO-047,Atomic,No Violation,,,[],Deterministic
AQUSA,rule-based,Zooniverse,1,ZO-047,Minimal,No Violation,,,[],Deterministic
AQUSA,rule-based,Zooniverse,1,ZO-047,Unique,No Violation,,,[],Deterministic
AQUSA,rule-based,Zooniverse,1,ZO-047,Uniform,No Violation,,,[],Deterministic
AQUSA,rule-based,Zooniverse,1,ZO-048,Well-formed,No Violation,,,[],Deterministic
AQUSA,rule-based,Zooniverse,1,ZO-048,Atomic,No Violation,,,[],Deterministic
AQUSA,rule-based,Zooniverse,1,ZO-048,Minimal,No Violation,,,[],Deterministic
AQUSA,rule-based,Zooniverse,1,ZO-048,Unique,No Violation,,,[],Deterministic
AQUSA,rule-based,Zooniverse,1,ZO-048,Uniform,No Violation,,,[],Deterministic
AQUSA,rule-based,Zooniverse,1,ZO-049,Well-formed,No Violation,,,[],Deterministic
AQUSA,rule-based,Zooniverse,1,ZO-049,Atomic,No Violation,,,[],Deterministic
AQUSA,rule-based,Zooniverse,1,ZO-049,Minimal,No Violation,,,[],Deterministic
AQUSA,rule-based,Zooniverse,1,ZO-049,Unique,No Violation,,,[],Deterministic
AQUSA,rule-based,Zooniverse,1,ZO-049,Uniform,No Violation,,,[],Deterministic
AQUSA,rule-based,Zooniverse,1,ZO-050,Well-formed,No Violation,,,[],Deterministic
AQUSA,rule-based,Zooniverse,1,ZO-050,Atomic,No Violation,,,[],Deterministic
AQUSA,rule-based,Zooniverse,1,ZO-050,Minimal,No Violation,,,[],Deterministic
AQUSA,rule-based,Zooniverse,1,ZO-050,Unique,No Violation,,,[],Deterministic
AQUSA,rule-based,Zooniverse,1,ZO-050,Uniform,No Violation,,,[],Deterministic
AQUSA,rule-based,Zooniverse,1,ZO-051,Well-formed,No Violation,,,[],Deterministic
AQUSA,rule-based,Zooniverse,1,ZO-051,Atomic,No Violation,,,[],Deterministic
AQUSA,rule-based,Zooniverse,1,ZO-051,Minimal,No Violation,,,[],Deterministic
AQUSA,rule-based,Zooniverse,1,ZO-051,Unique,No Violation,,,[],Deterministic
AQUSA,rule-based,Zooniverse,1,ZO-051,Uniform,No Violation,,,[],Deterministic
AQUSA,rule-based,Zooniverse,1,ZO-052,Well-formed,No Violation,,,[],Deterministic
AQUSA,rule-based,Zooniverse,1,ZO-052,Atomic,No Violation,,,[],Deterministic
AQUSA,rule-based,Zooniverse,1,ZO-052,Minimal,No Violation,,,[],Deterministic
AQUSA,rule-based,Zooniverse,1,ZO-052,Unique,No Violation,,,[],Deterministic
AQUSA,rule-based,Zooniverse,1,ZO-052,Uniform,No Violation,,,[],Deterministic
AQUSA,rule-based,Zooniverse,1,ZO-053,Well-formed,No Violation,,,[],Deterministic
AQUSA,rule-based,Zooniverse,1,ZO-053,Atomic,No Violation,,,[],Deterministic
AQUSA,rule-based,Zooniverse,1,ZO-053,Minimal,No Violation,,,[],Deterministic
AQUSA,rule-based,Zooniverse,1,ZO-053,Unique,No Violation,,,[],Deterministic
AQUSA,rule-based,Zooniverse,1,ZO-053,Uniform,No Violation,,,[],Deterministic
AQUSA,rule-based,Zooniverse,1,ZO-054,Well-formed,No Violation,,,[],Deterministic
AQUSA,rule-based,Zooniverse,1,ZO-054,Atomic,No Violation,,,[],Deterministic
AQUSA,rule-based,Zooniverse,1,ZO-054,Minimal,No Violation,,,[],Deterministic
AQUSA,rule-based,Zooniverse,1,ZO-054,Unique,No Violation,,,[],Deterministic
AQUSA,rule-based,Zooniverse,1,ZO-054,Uniform,No Violation,,,[],Deterministic
AQUSA,rule-based,Zooniverse,1,ZO-055,Well-formed,No Violation,,,[],Deterministic
AQUSA,rule-based,Zooniverse,1,ZO-055,Atomic,No Violation,,,[],Deterministic
AQUSA,rule-based,Zooniverse,1,ZO-055,Minimal,No Violation,,,[],Deterministic
AQUSA,rule-based,Zooniverse,1,ZO-055,Unique,No Violation,,,[],Deterministic
AQUSA,rule-based,Zooniverse,1,ZO-055,Uniform,No Violation,,,[],Deterministic
AQUSA,rule-based,Zooniverse,1,ZO-056,Well-formed,No Violation,,,[],Deterministic
AQUSA,rule-based,Zooniverse,1,ZO-056,Atomic,No Violation,,,[],Deterministic
AQUSA,rule-based,Zooniverse,1,ZO-056,Minimal,No Violation,,,[],Deterministic
AQUSA,rule-based,Zooniverse,1,ZO-056,Unique,No Violation,,,[],Deterministic
AQUSA,rule-based,Zooniverse,1,ZO-056,Uniform,No Violation,,,[],Deterministic
AQUSA,rule-based,Zooniverse,1,ZO-057,Well-formed,No Violation,,,[],Deterministic
AQUSA,rule-based,Zooniverse,1,ZO-057,Atomic,No Violation,,,[],Deterministic
AQUSA,rule-based,Zooniverse,1,ZO-057,Minimal,No Violation,,,[],Deterministic
AQUSA,rule-based,Zooniverse,1,ZO-057,Unique,No Violation,,,[],Deterministic
AQUSA,rule-based,Zooniverse,1,ZO-057,Uniform,No Violation,,,[],Deterministic
AQUSA,rule-based,Zooniverse,1,ZO-058,Well-formed,No Violation,,,[],Deterministic
AQUSA,rule-based,Zooniverse,1,ZO-058,Atomic,No Violation,,,[],Deterministic
AQUSA,rule-based,Zooniverse,1,ZO-058,Minimal,No Violation,,,[],Deterministic
AQUSA,rule-based,Zooniverse,1,ZO-058,Unique,No Violation,,,[],Deterministic
AQUSA,rule-based,Zooniverse,1,ZO-058,Uniform,No Violation,,,[],Deterministic
AQUSA,rule-based,Zooniverse,1,ZO-059,Well-formed,No Violation,,,[],Deterministic
AQUSA,rule-based,Zooniverse,1,ZO-059,Atomic,No Violation,,,[],Deterministic
AQUSA,rule-based,Zooniverse,1,ZO-059,Minimal,No Violation,,,[],Deterministic
AQUSA,rule-based,Zooniverse,1,ZO-059,Unique,No Violation,,,[],Deterministic
AQUSA,rule-based,Zooniverse,1,ZO-059,Uniform,No Violation,,,[],Deterministic
AQUSA,rule-based,Zooniverse,1,ZO-060,Well-formed,No Violation,,,[],Deterministic
AQUSA,rule-based,Zooniverse,1,ZO-060,Atomic,No Violation,,,[],Deterministic
AQUSA,rule-based,Zooniverse,1,ZO-060,Minimal,No Violation,,,[],Deterministic
AQUSA,rule-based,Zooniverse,1,ZO-060,Unique,No Violation,,,[],Deterministic
AQUSA,rule-based,Zooniverse,1,ZO-060,Uniform,No Violation,,,[],Deterministic
